,PUF_ID,sample,fpl,SWB_1,SWB_2,SWB_3,FWBscore,FWB1_1,FWB1_2,FWB1_3,FWB1_4,FWB1_5,FWB1_6,FWB2_1,FWB2_2,FWB2_3,FWB2_4,FSscore,FS1_1,FS1_2,FS1_3,FS1_4,FS1_5,FS1_6,FS1_7,FS2_1,FS2_2,FS2_3,SUBKNOWL1,ACT1_1,ACT1_2,FINGOALS,PROPPLAN_1,PROPPLAN_2,PROPPLAN_3,PROPPLAN_4,MANAGE1_1,MANAGE1_2,MANAGE1_3,MANAGE1_4,SAVEHABIT,FRUGALITY,AUTOMATED_1,AUTOMATED_2,ASK1_1,ASK1_2,SUBNUMERACY2,SUBNUMERACY1,CHANGEABLE,GOALCONF,LMscore,FINKNOWL1,FINKNOWL2,FINKNOWL3,FK1correct,FK2correct,FK3correct,KHscore,KHKNOWL1,KHKNOWL2,KHKNOWL3,KHKNOWL4,KHKNOWL5,KHKNOWL6,KHKNOWL7,KHKNOWL8,KHKNOWL9,KH1correct,KH2correct,KH3correct,KH4correct,KH5correct,KH6correct,KH7correct,KH8correct,KH9correct,ENDSMEET,HOUSING,LIVINGARRANGEMENT,HOUSERANGES,IMPUTATION_FLAG,VALUERANGES,MORTGAGE,SAVINGSRANGES,PRODHAVE_1,PRODHAVE_2,PRODHAVE_3,PRODHAVE_4,PRODHAVE_5,PRODHAVE_6,PRODHAVE_7,PRODHAVE_8,PRODHAVE_9,PRODUSE_1,PRODUSE_2,PRODUSE_3,PRODUSE_4,PRODUSE_5,PRODUSE_6,CONSPROTECT1,CONSPROTECT2,CONSPROTECT3,EARNERS,VOLATILITY,SNAP,MATHARDSHIP_1,MATHARDSHIP_2,MATHARDSHIP_3,MATHARDSHIP_4,MATHARDSHIP_5,MATHARDSHIP_6,COLLECT,REJECTED_1,REJECTED_2,ABSORBSHOCK,BENEFITS_1,BENEFITS_2,BENEFITS_3,BENEFITS_4,BENEFITS_5,FRAUD2,COVERCOSTS,BORROW_1,BORROW_2,SHOCKS_1,SHOCKS_2,SHOCKS_3,SHOCKS_4,SHOCKS_5,SHOCKS_6,SHOCKS_7,SHOCKS_8,SHOCKS_9,SHOCKS_10,SHOCKS_11,SHOCKS_12,MANAGE2,PAIDHELP,HSLOC,PAREDUC,FINSOC2_1,FINSOC2_2,FINSOC2_3,FINSOC2_4,FINSOC2_5,FINSOC2_6,FINSOC2_7,OBJNUMERACY1,ON2correct,ON1correct,MATERIALISM_1,MATERIALISM_2,MATERIALISM_3,CONNECT,HEALTH,SCFHORIZON,DISCOUNT,MEMLOSS,DISTRESS,SELFCONTROL_1,SELFCONTROL_2,SELFCONTROL_3,OUTLOOK_1,OUTLOOK_2,INTERCONNECTIONS_1,INTERCONNECTIONS_2,INTERCONNECTIONS_3,INTERCONNECTIONS_4,INTERCONNECTIONS_5,INTERCONNECTIONS_6,INTERCONNECTIONS_7,INTERCONNECTIONS_8,INTERCONNECTIONS_9,INTERCONNECTIONS_10,PEM,HOUSESAT,SOCSEC1,SOCSEC2,SOCSEC3,LIFEEXPECT,HHEDUC,KIDS_NoChildren,KIDS_1,KIDS_2,KIDS_3,KIDS_4,EMPLOY,EMPLOY1_1,EMPLOY1_2,EMPLOY1_3,EMPLOY1_4,EMPLOY1_5,EMPLOY1_6,EMPLOY1_7,EMPLOY1_8,EMPLOY1_9,RETIRE,MILITARY,Military_Status,agecat,generation,PPEDUC,PPETHM,PPGENDER,PPHHSIZE,PPINCIMP,PPMARIT,PPMSACAT,PPREG4,PPREG9,PPT01,PPT25,PPT612,PPT1317,PPT18OV,PCTLT200FPL,finalwt
0,10350,2,3,5,5,6,55,3,3,3,3,2,3,2,3,2,4,44,3,3,4,3,3,3,4,4,3,4,5,4,3,1,5,4,4,3,4,4,2,4,4,6,0,0,4,3,3,3,4,3,3,1,3,2,1,1,1,1.2670000000000001,3,3,2,1,1,2,4,2,1,1,1,1,1,1,1,1,1,1,2,1,1,4,0,2,2,6,1,1,1,1,1,0,0,0,0,0,0,0,0,0,1,3,2,1,1,2,0,1,1,1,1,1,1,1,0,0,4,0,0,1,0,0,8,1,0,1,0,0,0,0,1,0,0,1,0,0,0,0,3,-2,-1,4,0,1,1,1,1,1,1,3,1,0,3,5,4,80,2,3,2,0,4,2,3,3,3,2,0,0,0,0,1,0,1,1,0,0,3,4,1,62,-2,-2,4,-1,0,0,0,0,8,0,0,0,0,0,0,0,1,0,1,0,5,8,1,4,1,1,1,7,3,1,4,8,0,0,0,0,1,0,0.367291877597199
1,7740,1,3,6,6,6,51,2,2,3,3,3,4,2,2,2,3,43,3,3,3,3,4,3,2,4,3,2,5,4,3,0,3,2,2,1,4,4,1,4,1,5,0,0,3,2,5,5,2,3,3,1,3,2,1,1,1,-0.57,2,3,3,1,1,2,2,3,1,0,1,0,1,1,1,0,0,1,2,1,2,4,0,2,2,2,1,0,1,0,0,0,0,0,0,0,0,0,0,0,1,2,1,0,2,2,0,1,1,1,1,1,1,1,0,0,3,1,0,0,0,1,0,3,1,1,0,0,0,0,0,0,0,0,0,0,0,1,1,0,1,2,0,0,0,0,1,0,0,2,1,1,3,4,3,95,3,3,1,0,3,2,4,3,2,5,0,1,0,0,0,0,0,0,0,0,4,3,-2,-2,66,90,2,1,0,0,0,0,2,0,1,0,0,0,0,0,0,0,-2,0,5,3,3,2,1,1,2,6,3,1,2,3,0,0,0,0,2,0,1.32756071178087
2,13699,1,3,4,3,4,49,3,3,3,3,3,3,3,3,3,3,42,3,3,3,3,3,3,3,3,3,3,5,3,3,1,4,4,4,4,3,3,3,3,5,5,1,1,4,4,4,4,6,3,3,1,3,2,1,1,1,-0.188,3,3,1,1,2,2,2,2,1,1,1,0,1,0,1,0,1,1,1,1,2,3,0,3,2,4,1,1,0,1,1,0,0,0,0,0,0,1,1,1,0,3,3,1,2,3,0,1,1,1,1,1,1,0,0,0,4,1,0,0,0,0,0,-1,-1,-1,0,0,0,0,0,0,0,0,0,0,0,1,3,-2,1,3,0,0,0,1,0,0,1,2,0,1,4,4,3,50,3,4,2,0,2,3,3,3,4,4,0,1,0,0,0,0,0,0,0,0,6,3,-2,-2,68,78,3,0,0,0,0,1,2,0,1,0,0,0,0,0,0,0,-2,0,5,3,3,3,2,1,3,6,3,1,4,9,0,0,0,1,2,1,0.8351558119146909
3,7267,1,3,6,6,6,49,3,3,3,3,3,3,3,3,3,3,42,3,3,3,3,3,3,3,3,3,3,-1,-1,-1,-1,3,3,3,3,4,4,2,4,4,6,-1,-1,-1,-1,-1,-1,-1,-1,2,1,1,2,1,0,1,-1.485,2,2,3,1,2,2,2,-1,1,0,0,0,1,0,1,0,0,1,-1,-1,-1,99,0,-2,-2,-1,0,0,0,0,0,0,0,0,1,0,0,0,0,0,1,-1,-1,-1,-1,-1,-1,2,2,2,2,2,2,-1,0,1,8,0,0,0,0,0,8,-1,-1,-1,0,0,0,0,0,0,0,0,0,0,0,1,-1,-2,1,2,0,1,1,1,1,1,1,-1,0,0,-1,-1,-1,-1,-1,-1,-1,-1,-1,-1,-1,-1,-1,-1,0,0,0,0,0,0,0,0,0,1,-1,-1,-2,-2,-1,-1,-1,-1,0,0,0,0,99,0,0,0,0,0,0,0,0,1,-2,-1,-1,3,3,2,1,1,1,8,3,1,3,7,0,0,0,0,1,0,1.410871002025
4,7375,1,3,4,4,4,49,3,3,3,3,3,3,3,3,3,3,42,3,3,3,3,3,3,3,3,3,3,4,3,3,1,3,3,3,3,3,3,3,3,4,4,0,1,3,3,4,4,4,3,1,2,2,2,0,0,1,-1.9,1,1,3,2,2,1,3,2,2,0,0,0,0,0,0,0,1,0,2,2,3,2,0,-2,-2,98,1,0,0,1,0,0,0,0,0,0,1,0,0,0,0,3,2,0,2,2,8,2,2,2,2,2,2,8,0,0,2,1,1,0,0,0,1,1,0,1,0,0,0,0,0,0,0,0,0,1,0,0,2,1,-1,2,1,0,1,1,0,0,1,2,1,1,3,3,3,0,3,3,2,1,3,3,3,3,3,3,0,0,0,0,0,0,0,1,0,0,4,3,-2,-2,65,75,2,1,0,0,0,0,2,0,1,0,1,0,0,0,0,0,-2,0,5,2,4,2,3,1,5,7,1,1,2,4,0,0,1,0,4,1,4.26066814335885
5,10910,1,3,5,7,5,67,5,1,1,1,1,1,2,5,2,2,57,4,4,4,4,3,4,4,4,4,1,6,5,4,1,5,4,3,4,5,3,5,5,4,5,1,1,5,3,5,6,1,4,3,1,3,2,1,1,1,0.242,3,3,2,1,1,2,3,4,1,1,1,1,1,1,1,0,0,1,1,1,2,4,0,1,2,5,1,1,1,1,0,0,0,1,0,0,0,0,0,0,1,2,2,1,1,1,0,1,1,1,1,1,1,0,0,0,4,1,1,0,1,1,1,2,0,1,0,0,0,0,0,0,0,0,1,0,0,0,2,0,1,4,1,1,0,1,1,0,1,1,1,0,3,3,2,80,5,1,1,0,4,1,3,3,3,5,0,1,0,0,0,1,0,0,0,0,7,4,-2,-2,71,10,4,1,0,0,0,0,2,0,1,0,0,0,0,0,0,0,-2,1,3,2,4,4,1,1,2,7,1,1,2,3,0,0,0,0,2,0,0.7600608761287171
6,11079,1,3,5,4,7,51,1,3,2,3,3,3,3,2,1,4,54,4,4,3,3,3,4,4,5,4,3,5,5,3,1,4,3,3,4,5,3,5,5,5,4,0,1,5,4,6,3,4,3,3,1,3,2,1,1,1,1.2670000000000001,3,3,2,1,1,2,4,2,1,1,1,1,1,1,1,1,1,1,2,1,2,99,0,2,99,4,1,0,0,0,0,0,0,0,0,0,0,0,0,0,1,3,2,0,1,1,0,1,1,1,1,1,1,0,0,0,4,1,0,1,0,0,0,2,0,0,0,0,0,0,0,0,0,0,0,0,0,1,2,0,1,5,1,1,1,1,1,0,0,2,0,1,3,2,2,70,3,3,2,0,4,1,3,3,4,2,0,1,0,0,0,0,0,0,0,0,5,2,-2,-2,63,70,4,0,0,2,1,1,4,0,0,0,1,0,0,0,0,0,-2,0,5,3,3,4,4,2,5,7,1,1,2,4,0,0,1,1,3,0,1.37052173967805
7,7741,1,3,2,2,2,47,1,2,4,3,3,3,3,3,3,3,35,2,3,3,2,2,4,2,4,3,3,4,2,3,0,4,3,3,2,1,1,1,1,2,5,7,7,3,1,3,3,4,2,3,1,3,2,1,1,1,-0.909,1,3,1,1,2,2,2,2,2,0,1,0,1,0,1,0,1,0,2,3,3,1,0,-2,-2,1,1,0,0,0,0,0,0,0,0,0,0,1,0,0,0,2,1,0,1,2,1,3,3,1,3,3,1,0,0,0,1,0,0,0,0,0,0,1,1,0,1,0,0,0,1,0,0,0,0,0,1,0,1,0,1,2,0,0,0,0,0,0,0,3,1,0,2,1,3,50,2,2,1,0,5,3,1,1,2,2,1,0,0,0,0,0,0,0,0,0,2,2,-2,-2,71,0,2,1,0,0,0,0,7,0,0,0,0,0,0,1,0,0,-2,0,5,2,4,1,1,2,3,4,4,1,2,4,0,0,0,0,3,0,1.1933650658072699
8,8303,1,3,7,7,7,43,4,5,2,5,5,2,5,5,4,4,58,4,5,5,4,3,5,4,4,4,5,4,3,3,0,4,4,4,3,4,3,4,3,4,4,1,0,3,3,4,5,5,3,2,1,3,1,1,1,0,-0.188,3,3,2,1,2,2,3,2,2,1,1,1,1,0,1,0,1,0,1,1,3,5,0,2,2,5,0,0,0,1,0,0,0,0,0,0,1,0,0,0,0,2,2,0,1,1,0,1,2,1,1,1,1,0,0,0,3,0,1,1,1,1,8,1,0,0,0,0,0,0,0,0,0,0,0,0,0,1,1,0,8,2,0,1,1,0,1,1,0,1,0,0,3,3,3,-1,4,3,1,0,1,4,3,3,3,3,0,0,0,0,0,0,0,0,0,1,-1,-1,-2,-2,70,50,2,0,0,0,1,1,4,0,0,0,1,0,0,0,0,0,-2,-1,-1,3,3,1,3,2,4,7,1,1,3,7,0,0,0,1,3,0,2.49783836057458
9,9688,1,3,4,5,4,58,3,3,2,3,3,3,2,4,2,2,42,3,2,2,3,2,3,4,4,3,3,4,5,4,1,4,4,4,4,5,5,3,5,5,5,0,1,4,3,3,4,3,4,3,1,3,2,1,1,1,-0.57,2,3,3,1,2,2,4,4,1,0,1,0,1,0,1,1,0,1,1,1,2,5,0,1,98,7,1,0,1,0,1,0,0,0,0,0,0,0,0,0,1,1,1,0,1,1,0,1,1,1,1,1,1,0,0,0,4,1,1,1,0,1,1,2,1,0,0,1,0,0,0,0,0,0,0,0,0,0,3,-2,1,2,0,1,0,0,1,1,0,2,1,1,2,4,3,100,3,4,2,0,4,2,3,3,3,4,0,0,0,0,0,0,0,1,0,0,6,2,-2,-2,62,100,2,-1,0,0,0,0,2,0,1,1,0,0,0,0,0,0,-2,0,5,4,3,2,1,1,3,8,1,1,1,2,0,0,0,0,3,0,1.26660232912984
10,13180,1,3,7,7,7,78,5,5,1,5,5,1,1,5,1,1,66,5,5,4,4,3,5,5,4,4,2,5,5,5,1,5,4,5,5,5,5,5,3,6,6,7,1,4,3,6,6,3,4,2,1,1,2,1,0,1,-0.188,3,2,2,1,1,2,4,1,1,1,0,1,1,1,1,1,0,1,1,2,2,3,0,-2,-2,6,1,0,1,0,0,0,1,0,0,0,0,0,0,0,1,2,2,0,2,2,0,1,1,1,1,1,1,0,0,0,4,1,0,1,0,0,8,1,1,0,0,0,0,0,0,0,0,0,0,0,0,1,3,-2,1,5,1,1,1,1,1,1,1,2,1,1,3,2,3,50,5,5,2,0,2,2,3,4,5,4,1,0,1,0,0,0,0,0,0,0,6,4,-2,-2,65,100,3,1,0,0,0,0,5,0,0,0,0,1,0,0,0,0,-2,0,5,1,4,3,1,1,5,6,1,1,4,8,0,0,0,1,3,0,0.9379121198635552
11,10127,1,3,5,7,7,62,4,3,2,5,2,2,2,4,2,2,57,4,4,4,4,4,4,4,4,4,2,5,5,4,1,4,4,4,4,5,5,5,4,5,5,1,1,4,3,4,6,3,4,3,1,3,2,1,1,1,0.242,3,3,2,1,1,2,3,1,1,1,1,1,1,1,1,0,0,1,1,1,2,5,0,4,1,7,1,0,1,0,1,1,0,0,0,0,0,0,0,0,1,2,2,0,2,1,0,1,1,1,1,1,1,0,0,0,4,1,0,1,0,0,1,2,1,0,0,0,0,0,0,0,0,0,0,0,0,1,1,0,1,4,1,1,1,1,1,1,1,2,1,1,3,3,3,90,5,4,2,0,3,2,4,3,4,5,1,1,0,0,0,0,0,1,0,0,6,4,1,62,-2,95,5,1,0,0,0,0,8,0,0,0,0,0,0,0,1,0,2,0,5,6,2,4,1,2,2,8,1,0,4,8,0,0,0,0,2,0,0.745163109450516
12,7852,1,2,5,6,7,50,3,4,3,3,4,3,3,4,2,3,49,3,4,3,3,2,5,4,4,5,4,5,4,4,1,5,4,3,5,5,5,1,5,5,6,7,7,3,4,2,4,5,3,2,1,2,2,1,0,1,-0.909,1,2,2,1,1,2,1,1,1,0,0,1,1,1,1,0,0,1,1,3,3,99,0,-2,-2,4,1,1,0,0,0,0,0,0,0,0,0,0,0,0,1,2,2,0,2,1,0,1,1,1,1,2,1,0,0,0,3,1,1,0,1,0,0,1,1,0,0,0,0,0,0,0,0,0,0,0,0,1,2,1,1,3,1,1,0,1,1,1,1,2,1,1,3,4,2,80,4,1,1,0,4,2,3,3,4,5,0,0,1,0,1,0,1,1,0,0,5,3,-2,-2,62,70,3,1,0,0,0,0,5,0,0,0,0,1,0,0,0,0,-2,0,5,1,4,3,1,2,4,3,4,1,3,7,0,0,0,1,3,1,1.29257634075048
13,7376,1,3,1,1,1,40,2,2,4,2,4,4,4,2,2,4,30,2,2,2,2,2,2,2,4,2,4,1,1,1,0,1,1,1,1,1,1,1,1,1,6,7,7,1,1,6,6,6,3,3,1,3,2,1,1,1,-0.57,2,3,3,1,1,1,4,4,1,0,1,0,1,1,0,1,0,1,2,3,3,1,0,-2,-2,1,1,0,0,0,0,0,0,0,0,0,0,0,0,0,1,1,1,0,2,1,0,1,1,1,1,1,1,0,0,0,1,1,0,0,0,0,1,2,1,1,0,0,0,0,0,0,0,0,0,0,0,1,1,0,1,5,0,1,0,1,1,1,1,2,1,1,1,1,1,100,4,5,1,0,4,1,3,3,1,1,0,0,0,0,0,0,0,0,0,1,1,3,-2,-2,70,0,5,1,0,0,0,0,3,0,0,1,0,0,0,0,0,0,-2,0,5,2,4,4,1,1,3,9,4,1,4,9,0,0,0,0,3,0,1.14093362145229
14,8304,1,3,5,7,7,61,5,4,2,5,2,3,1,4,2,3,71,4,5,5,5,5,4,5,5,5,1,7,4,4,1,5,5,5,5,5,4,5,5,6,6,1,0,5,2,6,6,1,4,3,1,3,2,1,1,1,0.7120000000000001,3,3,2,1,2,2,4,2,1,1,1,1,1,0,1,1,1,1,1,1,2,7,0,4,3,7,1,1,1,1,0,1,0,1,0,0,0,0,0,0,1,2,2,0,1,2,0,1,1,1,1,1,1,0,0,0,4,1,1,0,1,1,1,2,1,0,0,0,0,0,0,0,1,0,0,0,0,0,3,-2,1,4,1,1,1,0,1,1,1,2,1,1,4,4,2,75,3,5,2,0,4,1,3,4,5,5,0,0,0,0,0,0,1,0,0,0,7,4,-2,-2,71,80,5,0,1,0,0,0,2,1,1,0,0,0,0,0,0,0,-2,0,5,2,4,5,1,1,3,9,1,1,3,5,1,0,0,0,2,0,0.8106002756961891
15,11726,1,1,7,6,7,69,4,4,1,4,1,1,2,5,1,3,48,5,2,2,2,3,4,5,3,2,3,4,3,3,0,5,5,3,3,5,4,1,5,5,5,7,1,3,3,2,3,4,3,3,1,3,2,1,1,1,-1.215,3,1,1,2,2,2,2,3,1,1,0,0,0,0,1,0,0,1,1,2,2,1,0,-2,-2,5,1,0,0,0,0,0,0,0,0,0,0,1,0,0,0,1,1,0,2,2,1,1,1,1,1,1,1,0,0,0,4,0,0,0,0,0,0,2,1,0,0,0,0,0,0,0,0,0,0,0,1,0,2,0,1,1,0,0,0,0,0,0,0,1,0,0,1,3,1,100,3,4,2,0,3,1,3,3,5,4,0,1,0,0,0,0,0,0,0,0,6,4,-2,-2,65,100,1,0,2,1,0,0,2,0,1,0,0,0,0,0,0,0,-2,0,5,2,4,1,4,1,5,2,5,1,3,5,1,1,1,1,3,0,4.28398465368331
16,11221,1,1,3,5,4,37,1,1,4,1,5,4,4,1,1,4,32,2,1,1,1,4,4,2,5,3,2,4,5,5,1,2,2,4,2,1,5,1,1,2,5,7,7,4,3,4,1,5,3,1,3,2,2,0,0,1,-0.909,1,3,2,1,2,2,1,4,1,0,1,1,1,0,1,0,0,1,2,3,4,99,0,-2,-2,2,1,0,0,0,0,0,0,0,0,0,0,0,0,0,1,3,1,0,1,3,1,3,3,1,1,1,2,0,1,0,1,1,0,0,0,0,1,1,0,0,0,0,0,0,0,0,0,0,0,0,0,1,1,0,1,2,0,0,0,1,0,0,1,2,0,1,2,2,2,50,4,1,1,0,5,3,4,3,4,1,1,0,0,0,1,0,0,0,0,0,3,2,-2,-2,70,50,2,1,0,0,0,0,7,0,0,0,0,0,0,1,0,0,-2,-1,-1,1,4,2,1,1,5,1,4,1,4,9,0,0,1,0,3,0,1.02519171409611
17,8121,1,3,5,5,5,52,3,3,2,3,3,3,3,3,2,3,40,2,4,3,3,3,3,3,3,3,2,5,4,3,1,4,3,4,2,5,3,1,4,2,5,7,7,4,3,1,3,3,3,2,1,2,2,1,0,1,-1.215,1,3,2,2,1,1,2,1,1,0,1,1,0,1,0,0,0,1,1,2,2,4,0,-2,-2,3,1,1,1,0,0,0,0,0,0,0,0,0,0,0,1,2,1,0,2,1,0,1,1,1,2,1,1,0,0,0,3,1,1,0,0,1,1,2,0,0,0,0,0,0,0,0,0,0,0,0,0,1,2,0,1,3,0,1,0,1,1,0,0,2,0,1,4,4,4,80,3,2,2,0,4,3,2,2,2,4,0,1,0,0,0,0,0,0,0,0,5,4,-2,-2,65,70,3,1,0,0,0,0,2,0,1,0,0,1,0,0,0,0,-2,0,5,1,4,3,1,2,2,3,1,1,3,7,0,0,0,0,2,0,1.04518051687367
18,8122,1,3,7,6,7,69,4,4,3,4,1,3,1,5,1,2,50,3,4,4,4,4,3,3,3,4,1,7,5,3,0,2,2,3,2,5,2,5,5,5,6,0,0,5,3,2,6,2,3,2,1,1,2,1,0,1,0.7120000000000001,3,3,2,1,1,2,4,2,1,1,1,1,1,1,1,1,1,1,1,1,2,1,0,4,1,7,1,0,1,1,1,1,0,0,0,0,0,0,0,0,1,3,1,0,1,2,0,1,1,1,1,1,1,0,0,0,4,1,0,1,0,0,1,1,0,0,0,0,0,0,0,0,0,0,0,0,1,0,3,-2,-1,5,0,1,0,1,1,0,0,2,1,1,3,4,2,-1,3,5,2,0,4,3,3,2,3,4,0,1,0,0,0,0,0,1,0,0,6,4,1,70,-2,80,5,0,0,0,0,2,8,1,0,0,0,0,0,0,1,0,1,0,5,7,1,5,1,1,2,9,1,1,1,1,0,0,0,0,2,0,0.49505346992289
19,12990,2,2,7,7,7,67,2,3,1,3,3,1,2,3,1,1,79,5,5,5,5,5,5,5,5,5,5,7,5,5,1,5,5,5,5,5,5,5,5,4,6,0,0,3,3,1,6,5,4,1,2,3,1,0,1,0,-0.57,2,2,2,1,1,2,2,1,1,0,0,1,1,1,1,0,0,1,1,1,1,99,0,99,99,99,0,1,1,0,1,0,0,0,0,0,0,1,0,0,0,1,3,0,1,2,0,1,1,1,1,1,1,0,0,0,4,1,0,1,0,0,0,4,0,0,0,0,0,1,0,0,0,0,0,0,0,0,3,-2,1,3,1,1,1,1,1,0,0,2,0,1,3,3,2,0,2,2,1,0,1,1,3,3,5,1,0,0,0,0,0,0,0,0,1,0,4,4,0,-2,-2,76,3,1,0,0,0,0,8,0,0,0,0,0,0,0,1,0,2,0,5,6,2,2,2,2,1,2,3,1,3,5,0,0,0,0,1,0,0.86699943390379
20,10548,1,3,3,2,2,40,2,2,2,2,4,5,3,2,4,5,38,4,3,3,2,1,2,3,3,2,3,3,5,3,1,2,4,2,2,5,2,3,5,4,5,1,1,4,3,4,5,5,3,2,2,3,2,0,1,1,-0.188,3,3,3,1,1,2,2,1,1,1,1,0,1,1,1,0,0,1,2,1,2,6,0,4,3,5,1,1,1,1,0,0,0,0,0,0,0,0,0,0,1,2,1,0,2,1,0,1,1,1,1,1,1,0,0,0,4,1,1,0,0,1,1,2,1,0,0,0,0,0,0,0,0,0,0,0,0,1,3,-2,1,3,1,1,1,1,1,0,1,2,0,1,2,2,2,100,4,2,2,1,5,2,2,2,2,4,0,0,0,0,1,0,0,0,0,0,5,4,-2,-2,70,80,3,0,0,1,1,0,2,0,1,0,0,0,0,0,0,0,-2,1,4,3,3,3,1,2,2,8,1,1,4,8,0,0,0,0,2,0,1.3015065353808601
21,13389,1,3,4,4,4,51,2,3,2,3,3,2,3,3,3,3,41,3,2,3,3,3,3,3,3,3,3,5,3,3,-1,3,2,3,3,5,3,5,5,4,5,0,0,3,3,4,4,4,3,2,1,1,2,1,0,1,-1.215,2,3,1,2,1,2,2,3,1,0,1,0,0,1,1,0,0,1,2,1,3,5,0,4,2,6,1,1,0,1,1,0,0,0,0,0,0,0,0,0,1,3,2,0,2,2,0,2,1,2,2,1,1,0,0,1,3,0,1,1,0,1,1,2,0,0,0,1,0,0,0,0,0,0,0,0,0,0,3,-2,1,4,0,0,0,0,0,0,0,2,0,1,1,2,2,88,2,3,1,0,3,2,2,2,4,4,0,1,0,0,0,0,0,0,0,0,5,3,-2,-2,68,50,4,0,0,0,2,0,2,0,1,0,0,0,0,0,0,0,-2,1,2,4,3,4,3,1,5,6,1,1,4,9,0,0,0,1,4,0,1.1633208868472
22,10351,2,3,5,5,5,61,3,3,2,3,3,3,2,4,1,2,54,4,4,4,4,3,4,4,4,3,3,5,4,4,1,4,4,4,4,5,5,5,5,5,5,1,1,5,3,5,5,4,4,3,1,3,2,1,1,1,1.2670000000000001,3,3,2,1,1,2,4,2,1,1,1,1,1,1,1,1,1,1,1,1,2,6,0,4,2,6,1,0,1,1,0,1,0,0,0,0,0,0,0,0,1,1,2,0,2,2,0,1,1,1,1,1,1,0,0,0,4,1,1,0,1,1,1,2,1,1,0,0,0,0,0,0,0,0,1,0,0,0,2,0,1,3,1,1,1,1,1,1,1,2,1,1,3,2,1,100,3,5,1,0,3,2,3,3,4,4,0,1,0,0,0,0,1,1,0,0,5,3,1,64,-2,75,5,-1,0,0,0,0,8,0,0,0,0,0,0,0,1,0,1,0,5,6,2,5,3,1,1,8,5,1,4,9,0,0,0,0,1,0,0.450493754246585
23,13255,1,3,5,3,4,37,2,1,3,3,4,5,4,1,4,4,49,4,4,4,3,2,2,2,5,5,3,4,4,3,1,4,5,3,1,2,2,3,3,1,6,7,0,5,5,3,3,2,2,3,1,3,2,1,1,1,1.2670000000000001,3,3,2,1,1,2,4,2,1,1,1,1,1,1,1,1,1,1,3,2,2,5,0,-2,-2,3,1,1,1,0,0,0,0,0,0,0,0,1,0,0,0,3,2,0,2,1,0,2,2,1,3,3,2,1,1,1,2,1,0,0,0,1,8,2,1,0,1,0,0,0,0,0,0,0,1,0,0,0,2,0,1,5,0,1,0,1,1,0,1,2,1,1,4,3,1,80,3,3,2,0,4,2,1,2,4,4,1,1,1,0,1,0,0,0,0,0,1,4,-2,-2,71,50,4,1,0,0,0,0,2,0,1,0,0,0,0,0,0,0,-2,0,5,2,4,3,1,2,2,4,5,1,1,2,0,0,0,0,2,0,1.04433916723361
24,7853,1,3,7,7,7,47,4,5,5,4,5,5,1,5,1,5,75,5,5,5,5,5,5,5,4,5,5,4,4,4,1,5,5,5,5,5,5,5,5,6,6,0,1,5,3,4,3,1,4,2,1,2,2,1,0,1,-1.9,1,1,3,2,2,1,2,3,1,0,0,0,0,0,0,0,0,1,1,2,1,4,1,-2,-2,99,0,0,0,0,0,1,0,0,0,0,0,1,1,0,0,3,2,0,1,1,8,1,1,1,1,1,1,8,0,0,8,1,0,0,0,0,8,3,0,1,0,0,0,0,1,0,0,0,0,0,0,0,3,-2,1,3,1,0,0,0,0,0,0,1,0,0,1,1,1,10,5,2,2,0,1,2,4,3,3,3,0,0,0,0,1,0,0,0,0,0,6,3,-2,-2,65,10,3,0,0,0,0,1,6,0,0,0,0,0,1,0,0,0,-2,0,5,3,3,3,2,2,1,8,4,0,2,4,0,0,0,0,1,1,1.5728037253354499
25,12675,1,3,7,7,7,64,3,4,3,4,1,3,1,4,1,5,68,5,5,4,4,4,5,3,5,5,1,6,5,4,1,5,5,4,5,5,5,3,5,4,6,0,1,5,3,6,6,5,4,3,1,3,2,1,1,1,0.7120000000000001,3,3,2,1,1,2,4,1,1,1,1,1,1,1,1,1,0,1,1,2,2,5,0,-2,-2,6,0,0,1,0,1,0,0,0,0,0,0,0,0,0,1,2,1,0,2,2,0,1,1,1,1,1,1,0,0,1,4,0,0,0,0,0,0,2,0,1,0,0,0,0,0,0,0,0,0,0,0,1,3,-2,2,1,1,1,1,0,1,0,0,2,1,1,4,4,2,80,3,3,2,0,3,1,4,3,5,4,0,1,1,0,0,0,0,0,0,0,2,3,1,-3,-2,-2,4,1,0,0,0,0,1,1,0,0,0,0,0,0,1,0,2,0,5,8,1,4,4,1,5,7,1,1,3,7,0,0,0,1,4,1,0.369339629236367
26,11353,1,3,7,6,6,80,5,4,1,4,5,1,1,5,1,1,51,4,4,4,3,3,4,4,4,3,3,6,4,4,0,2,2,3,2,5,3,5,5,5,5,0,1,4,2,2,5,4,3,3,1,3,2,1,1,1,1.2670000000000001,3,3,2,1,1,2,4,2,1,1,1,1,1,1,1,1,1,1,1,1,4,1,0,4,1,7,1,0,1,1,1,1,0,0,0,0,0,0,0,0,1,2,2,0,1,1,0,1,1,1,1,1,1,0,0,0,4,1,0,1,0,0,0,1,1,1,0,0,0,0,0,0,0,0,0,0,0,1,3,-2,1,5,0,0,0,0,1,1,0,1,1,0,5,5,5,100,3,4,2,1,2,3,2,3,4,2,0,1,0,0,0,0,1,1,0,0,6,4,1,66,-2,-2,2,1,0,0,0,0,8,0,0,0,0,0,0,0,1,0,3,0,5,8,1,2,1,1,1,8,1,1,3,6,0,0,0,0,1,1,0.38924211432597494
27,9433,1,3,5,6,6,63,5,4,2,4,1,3,2,5,1,3,50,4,3,3,3,2,5,4,4,3,3,5,5,4,1,4,3,4,3,5,4,4,3,6,5,1,1,2,3,5,6,5,3,2,1,2,2,1,0,1,-0.188,2,3,2,1,1,2,3,2,1,0,1,1,1,1,1,0,1,1,1,2,2,5,0,-2,-2,6,1,0,0,1,0,0,0,0,0,0,0,0,0,0,1,1,1,0,2,1,0,1,1,1,1,1,1,0,0,0,4,1,1,0,0,1,0,2,0,0,0,0,0,0,0,0,0,0,0,0,0,1,2,0,1,3,0,1,0,0,1,0,1,2,1,1,3,4,4,90,3,3,2,0,3,1,3,3,3,4,0,1,0,1,0,0,0,0,0,0,6,3,-2,-2,65,75,3,1,0,0,0,0,2,0,1,0,0,0,0,0,0,0,-2,1,2,4,2,3,2,1,2,7,1,1,2,3,0,0,0,0,2,0,0.8281111786835709
28,12518,1,3,5,5,4,52,4,3,3,3,3,4,2,3,2,3,61,5,3,3,4,2,5,5,4,3,2,5,5,4,1,5,4,4,3,5,5,3,5,4,6,0,0,3,2,3,4,5,3,3,1,3,2,1,1,1,0.242,3,3,3,1,1,2,4,4,1,1,1,0,1,1,1,1,0,1,1,1,2,5,0,3,2,5,1,1,1,1,0,0,0,0,0,0,0,0,0,0,1,1,2,0,2,2,0,1,1,1,1,3,1,1,0,0,4,1,1,0,0,1,1,2,1,-1,0,0,0,0,1,0,0,0,0,0,1,0,2,0,1,5,1,1,1,1,1,0,1,2,1,1,2,3,1,80,4,2,1,0,3,1,3,3,4,2,0,1,0,0,0,0,1,1,0,0,6,3,-2,-2,62,99,2,1,0,0,0,0,2,0,1,0,0,0,0,0,0,0,-2,1,4,5,2,2,1,2,2,6,1,1,4,9,0,0,0,0,2,1,1.08934450393574
29,10549,1,3,6,5,5,62,4,3,1,3,2,3,2,5,2,3,48,4,4,3,3,3,4,3,3,4,3,5,4,3,0,3,3,3,2,5,4,5,5,4,4,7,1,3,3,2,3,3,3,2,1,3,1,1,1,0,0.242,1,3,2,1,1,2,4,1,1,0,1,1,1,1,1,1,0,1,1,1,2,99,0,2,1,6,1,1,1,1,0,1,0,0,0,0,0,0,0,0,1,1,1,0,2,2,0,1,1,1,1,1,1,0,0,0,4,1,0,0,0,0,0,1,1,1,0,0,0,0,1,0,0,0,0,0,0,0,2,0,1,2,0,0,0,0,0,1,1,2,0,1,3,3,3,80,3,2,2,0,3,2,2,3,3,2,0,1,0,0,1,0,1,0,0,0,6,4,1,65,-2,-2,2,1,0,0,0,0,4,0,0,0,1,0,0,0,0,0,-2,0,5,8,1,2,1,2,2,6,1,1,2,3,0,0,0,0,2,0,0.6162461705266861
30,8518,1,1,4,3,3,40,2,2,4,2,4,4,4,2,2,4,31,3,2,1,1,1,3,3,3,2,4,2,3,3,0,4,3,4,2,5,3,1,4,4,4,7,7,3,3,5,2,5,3,2,1,3,1,1,1,0,-0.909,2,3,3,2,1,2,3,4,1,0,1,0,0,1,1,0,0,1,2,3,3,1,0,-2,-2,99,0,0,0,0,0,0,0,0,1,0,0,0,0,0,1,1,1,0,1,3,0,2,1,1,1,1,1,0,0,0,8,0,0,0,0,0,8,2,1,1,0,0,0,1,0,0,0,0,0,0,0,0,2,0,1,2,0,0,0,0,0,0,0,2,0,1,2,2,1,50,3,4,2,0,3,3,2,3,1,3,0,0,0,0,0,0,0,0,0,1,2,3,-2,-2,61,50,2,1,0,0,0,0,7,0,0,0,0,0,0,1,0,0,-2,0,5,3,3,2,1,1,2,1,4,0,1,2,0,0,0,0,2,0,1.03844687194095
31,11727,1,1,4,3,4,33,2,2,5,2,5,4,5,2,2,4,35,3,2,2,1,1,3,3,3,4,3,2,4,2,1,5,4,4,4,5,4,1,4,3,6,7,7,3,4,4,3,4,2,3,1,3,2,1,1,1,-0.188,2,3,3,1,1,2,4,3,1,0,1,0,1,1,1,1,0,1,2,1,2,99,0,1,99,1,1,0,1,0,0,0,0,0,0,0,0,0,0,0,1,2,1,0,1,1,1,1,1,1,1,1,1,0,0,0,1,0,0,0,0,0,0,2,1,0,0,0,0,1,1,0,0,0,0,1,0,0,2,0,1,2,0,0,0,0,0,1,0,2,1,1,3,3,2,85,2,1,1,1,3,3,2,2,4,2,0,1,0,0,0,0,0,0,0,0,3,3,-2,-2,65,5,2,0,0,0,1,1,1,1,0,0,0,0,0,0,0,0,-2,0,5,3,3,2,1,1,4,2,1,1,3,5,0,0,0,1,3,0,1.01016772555133
32,10911,1,3,5,7,7,45,2,2,4,3,2,5,3,4,2,5,42,3,2,2,3,1,3,3,4,4,2,5,5,2,1,5,4,2,3,5,4,2,4,2,6,1,0,5,-1,6,6,5,3,3,1,3,2,1,1,1,0.242,2,3,2,1,1,2,4,4,1,0,1,1,1,1,1,1,0,1,2,2,2,5,0,-2,-2,4,1,1,1,1,0,1,0,0,0,0,0,0,0,0,1,2,2,0,2,1,0,1,1,1,1,1,1,0,0,0,2,1,1,0,1,1,0,1,0,0,0,0,0,0,0,0,0,0,0,0,0,1,2,0,1,2,0,0,0,0,0,0,0,2,1,1,3,5,4,70,4,4,1,0,4,1,4,3,5,2,0,1,0,0,1,0,0,0,0,0,2,3,-2,-2,65,80,5,1,0,0,0,0,2,0,1,0,0,0,0,0,0,0,-2,0,5,2,4,3,1,1,2,7,5,1,3,5,0,0,0,0,2,1,1.5155069928213798
33,8945,1,2,4,3,7,33,1,2,3,2,1,5,5,1,4,5,37,2,3,2,2,1,5,1,4,5,2,4,2,2,1,4,2,4,2,2,1,1,1,2,5,7,7,1,1,6,4,4,2,1,3,3,1,0,1,0,-1.215,3,3,3,2,2,2,1,3,2,1,1,0,0,0,1,0,0,0,2,2,1,1,0,-2,-2,1,0,0,0,0,0,0,0,0,1,0,0,1,0,0,0,1,2,0,1,1,1,2,2,1,1,1,1,1,0,0,2,1,0,0,0,0,0,3,0,0,1,0,0,0,0,0,0,0,0,0,0,0,3,-2,1,2,0,1,1,1,1,0,0,2,0,1,3,4,3,0,4,1,1,0,5,2,3,3,4,3,0,0,0,0,1,0,1,1,0,0,5,3,-2,-2,61,100,2,0,2,1,0,0,3,0,0,1,0,0,0,0,0,0,-2,0,5,2,4,2,2,2,4,3,4,1,2,3,0,1,1,0,1,1,1.49569506017047
34,11354,1,1,5,7,6,54,3,4,2,4,2,3,2,4,3,4,51,3,4,4,4,3,3,4,4,4,3,5,3,4,1,3,4,4,3,4,4,4,5,6,6,0,1,5,4,6,5,2,3,3,1,3,2,1,1,1,-0.57,2,3,2,1,2,2,3,4,1,0,1,1,1,0,1,0,0,1,2,2,3,5,0,-2,-2,4,1,0,1,0,0,0,0,0,0,0,0,0,1,1,0,2,2,0,3,1,0,1,1,3,1,1,1,0,0,0,3,1,0,0,0,0,1,3,1,0,0,1,0,1,0,0,0,0,0,0,1,0,2,0,1,1,1,1,1,1,1,1,1,2,1,1,4,4,4,50,4,1,2,0,2,2,3,3,4,4,1,1,1,1,1,1,1,1,0,0,6,3,-2,-2,65,100,3,1,0,0,0,0,5,0,0,0,0,1,0,0,0,0,-2,0,5,1,4,3,4,1,5,1,4,1,4,9,0,0,0,1,4,1,0.639515233996807
35,12162,1,3,6,6,6,39,1,3,3,2,5,3,5,1,3,3,28,1,3,2,2,3,1,2,3,3,3,3,2,2,0,3,3,2,2,5,2,5,3,3,4,1,7,3,3,4,3,2,2,2,1,2,2,1,0,1,-0.909,3,3,3,1,2,2,4,3,2,1,1,0,1,0,1,1,0,0,2,2,2,6,0,-2,-2,98,1,0,1,1,0,0,0,0,0,0,0,0,0,0,1,3,2,0,2,1,0,1,1,1,1,2,1,0,0,0,1,1,1,0,0,1,1,2,1,0,0,0,0,0,0,0,0,0,0,0,0,1,2,0,1,5,1,1,1,0,0,1,0,2,1,1,3,3,3,22,3,4,2,0,5,3,3,3,2,4,1,1,0,0,1,0,0,0,0,0,3,3,-2,-2,70,99,5,1,0,0,0,0,2,0,1,0,0,0,0,0,0,0,-2,0,5,2,4,5,1,2,2,8,5,1,3,5,0,0,0,0,2,0,0.7901061853845459
36,7854,1,3,4,4,7,56,3,3,3,4,4,3,1,5,2,3,50,4,4,4,3,3,4,4,2,3,2,5,4,4,0,3,4,4,4,5,4,5,5,2,4,0,0,4,2,5,5,2,4,3,1,3,2,1,1,1,0.242,3,3,2,1,1,2,2,1,1,1,1,1,1,1,1,0,0,1,1,1,5,1,0,2,1,1,1,0,0,0,0,0,0,0,0,0,0,0,0,0,1,1,1,0,1,1,0,1,1,1,1,1,1,0,0,0,3,1,0,0,0,0,0,3,1,0,0,0,0,0,0,1,0,0,0,0,0,0,3,-2,1,2,0,0,0,0,0,0,0,2,1,1,4,3,3,50,4,2,2,0,4,3,3,4,5,4,0,1,0,0,1,0,0,0,0,0,5,4,-2,-2,65,65,4,0,1,0,1,0,1,1,0,0,0,0,0,0,0,0,-2,0,5,3,3,2,1,1,3,6,3,1,2,3,0,0,0,1,2,0,1.32756071178087
37,11080,1,2,6,7,7,38,1,2,3,3,5,5,4,1,3,3,43,3,2,1,2,2,5,3,5,5,3,5,5,5,0,4,2,5,2,2,2,1,2,2,6,7,7,5,1,1,5,4,4,2,1,2,2,1,0,1,-0.909,2,3,1,2,1,2,4,4,1,0,1,0,0,1,1,1,0,1,2,1,2,4,0,1,2,2,0,1,0,0,0,0,0,0,0,0,0,0,0,0,1,2,2,0,2,2,0,2,2,1,1,2,1,1,1,1,1,1,0,0,0,1,8,2,-1,1,0,0,0,0,0,0,0,0,0,0,0,1,3,-2,1,2,0,0,0,0,0,0,0,1,0,0,2,2,2,100,4,1,2,0,1,1,3,3,3,3,0,0,0,0,0,0,0,0,0,1,6,3,-2,-2,65,100,3,1,0,0,0,0,2,0,1,0,0,0,0,0,0,0,-2,1,2,5,2,3,2,1,2,2,1,1,3,5,0,0,0,0,2,1,0.6983644277473521
38,10757,1,3,6,6,5,77,4,4,1,5,1,2,1,5,1,2,57,4,4,4,4,3,4,4,4,5,2,6,5,4,1,5,5,4,3,5,5,5,5,6,4,1,0,5,2,3,5,1,4,3,1,3,2,1,1,1,0.7120000000000001,3,3,2,1,1,2,4,1,1,1,1,1,1,1,1,1,0,1,1,1,2,1,0,4,1,7,1,1,1,1,1,1,0,0,0,0,0,0,0,0,1,1,2,0,2,1,0,1,1,1,1,1,1,0,0,0,4,1,1,1,0,1,0,1,0,0,0,0,0,0,0,0,0,0,0,0,1,0,2,0,1,5,1,1,0,0,0,1,1,2,1,1,2,4,3,100,4,5,2,0,2,1,3,3,4,3,0,1,0,0,0,0,0,0,0,0,3,4,1,63,-2,50,4,1,0,0,0,0,8,0,0,0,0,0,0,0,1,0,1,0,5,6,2,3,1,1,2,9,1,1,4,9,0,0,0,0,2,0,0.641699028519133
39,10758,1,3,7,7,7,57,4,5,3,5,2,2,2,5,2,4,76,5,5,5,5,5,5,5,4,4,2,6,4,4,1,4,4,4,4,5,4,5,5,6,6,1,1,5,2,2,6,4,4,3,1,3,2,1,1,1,0.242,3,3,2,1,1,2,3,1,1,1,1,1,1,1,1,0,0,1,1,1,2,4,0,2,2,5,1,1,1,1,1,0,1,0,0,0,0,0,0,0,1,2,3,0,2,1,0,1,1,1,1,1,1,0,0,0,4,1,1,1,1,1,1,2,1,0,0,0,0,0,1,0,0,0,0,1,0,0,3,-2,1,4,0,1,0,1,1,0,1,2,1,1,3,2,2,80,4,5,2,0,1,2,4,4,5,5,0,0,0,0,0,0,0,0,0,1,7,4,-2,-2,67,100,5,0,0,0,0,2,2,0,1,0,0,0,0,0,0,0,-2,0,5,4,3,5,1,1,5,8,1,1,3,5,0,0,0,1,4,0,0.57682275648546
40,10128,2,3,7,7,4,71,5,5,2,4,2,2,1,4,1,2,61,5,5,4,4,4,4,4,4,3,2,5,5,4,0,2,2,2,2,5,1,5,2,2,6,0,0,4,2,3,4,2,4,2,1,3,1,1,1,0,0.242,3,3,2,1,1,2,3,4,1,1,1,1,1,1,1,0,0,1,1,1,2,7,0,4,3,6,1,1,1,0,1,1,0,0,0,0,0,0,1,0,0,2,1,0,1,1,0,1,1,1,1,1,1,0,0,0,4,1,0,1,0,0,1,1,0,0,0,0,0,0,0,0,0,0,0,0,0,1,2,0,1,2,0,0,0,1,0,1,0,2,1,1,1,2,1,50,4,2,1,0,1,2,2,2,3,3,0,1,0,0,0,0,0,0,0,0,6,4,1,62,-2,95,5,-1,0,0,0,0,8,0,0,0,0,0,0,0,1,0,2,1,2,6,2,3,1,2,2,9,1,1,4,9,0,0,0,0,2,0,0.632409533026282
41,12639,1,3,7,7,-1,76,3,4,-1,4,-1,-1,1,5,1,1,70,5,-1,5,5,5,5,5,1,1,1,6,4,5,1,1,5,5,5,5,5,5,1,6,6,7,7,4,3,6,2,4,4,3,1,3,2,1,1,1,1.2670000000000001,3,3,2,1,1,2,4,2,1,1,1,1,1,1,1,1,1,1,2,1,4,7,0,4,99,7,1,1,1,1,0,1,0,0,0,0,0,0,0,0,1,3,1,1,2,2,0,1,1,1,1,1,1,0,0,0,4,1,1,0,1,1,1,2,0,1,0,0,0,1,1,0,0,0,0,0,1,0,1,0,8,3,0,0,0,0,0,0,1,2,1,1,1,3,1,100,4,5,1,0,2,1,4,4,3,5,1,0,0,0,0,0,0,0,0,0,7,3,-2,-2,65,90,5,0,0,0,0,1,1,1,0,0,1,0,0,0,0,0,-2,0,5,1,4,5,1,2,2,3,4,1,3,5,0,0,0,0,2,0,0.419506524917905
42,14399,1,3,5,5,6,52,2,3,2,3,3,3,4,2,1,3,60,5,4,5,3,3,4,4,5,5,3,5,5,4,1,4,4,4,4,5,4,4,4,4,6,1,0,4,4,5,5,4,3,3,1,3,2,1,1,1,0.7120000000000001,3,3,2,1,1,2,3,2,1,1,1,1,1,1,1,0,1,1,1,1,2,1,0,3,1,7,1,0,1,1,1,1,0,0,0,0,0,0,0,0,1,2,1,1,1,1,0,1,1,1,1,2,1,0,1,0,4,0,1,1,0,0,1,1,1,-1,0,0,0,1,1,0,0,0,0,1,1,0,2,0,1,2,0,1,1,0,1,0,0,2,1,1,3,3,3,95,3,4,2,0,4,2,3,3,4,2,0,1,0,0,1,0,1,0,0,0,6,3,1,65,-2,94,4,0,0,0,2,1,8,0,0,0,0,0,0,0,1,0,1,0,5,6,2,3,3,2,2,7,3,1,3,6,0,0,0,0,2,1,0.54864857412814
43,10352,1,2,5,5,5,51,2,2,3,3,4,4,2,4,2,3,39,3,3,2,2,2,2,3,4,4,3,5,4,2,1,4,3,4,3,5,3,2,3,3,4,1,0,3,3,3,4,3,3,2,1,1,2,1,0,1,-1.215,2,3,1,1,2,2,3,1,1,0,1,0,1,0,1,0,0,1,1,3,3,3,0,-2,-2,5,1,1,1,1,0,0,0,1,0,0,0,0,0,1,0,2,1,0,3,1,0,1,1,1,1,1,1,0,0,0,4,1,1,0,0,1,0,2,1,1,0,1,0,1,0,1,1,0,0,0,0,0,1,1,1,3,0,0,0,1,1,0,0,2,1,1,3,3,2,50,3,3,2,0,4,2,2,3,2,4,1,0,1,0,1,0,0,0,0,0,5,2,-2,-2,70,70,4,0,2,0,0,0,2,0,1,0,0,0,0,0,0,0,-2,0,5,2,4,4,1,2,4,3,4,1,3,5,0,1,0,0,3,0,0.940052335571398
44,12163,1,3,4,4,7,30,3,1,4,2,5,5,4,2,5,5,61,3,5,5,5,3,4,5,5,4,3,5,5,3,1,3,4,4,3,5,5,2,5,2,6,7,7,5,1,6,6,4,3,3,1,3,2,1,1,1,-0.188,3,3,2,2,2,2,3,2,1,1,1,1,0,0,1,0,1,1,3,1,2,6,0,3,2,4,0,1,1,0,0,0,0,0,0,0,0,0,0,0,1,1,1,0,1,1,0,2,1,1,1,2,1,1,0,0,4,0,0,0,0,0,1,1,1,0,0,0,0,0,0,0,0,0,0,0,0,1,3,-2,1,4,1,1,1,1,1,0,1,2,1,1,4,2,3,80,3,1,1,0,5,3,3,2,3,3,1,0,0,0,0,0,0,0,0,0,3,3,-2,-2,-1,65,4,0,0,1,0,0,6,0,0,0,0,0,1,0,0,0,-2,0,5,4,3,4,1,1,2,5,1,1,1,2,0,0,0,0,2,0,0.603385559440927
45,10353,1,3,4,5,5,60,2,3,2,3,3,3,2,5,1,2,40,3,3,3,3,2,3,2,4,3,3,4,4,3,1,4,3,3,2,5,5,1,3,3,4,1,7,4,3,3,3,4,3,3,1,3,2,1,1,1,0.242,3,3,2,1,1,2,2,1,1,1,1,1,1,1,1,0,0,1,1,3,3,4,0,-2,-2,99,1,0,1,0,0,0,0,0,0,0,0,0,0,0,1,1,1,0,3,2,0,1,1,3,1,1,1,1,0,0,1,1,1,0,0,1,0,2,1,0,0,0,0,0,0,0,0,0,0,0,1,0,1,0,1,3,0,1,1,1,1,1,0,2,1,1,3,3,2,60,4,4,1,0,2,2,3,2,2,3,1,0,0,0,0,0,0,0,0,0,5,3,-2,-2,67,95,3,1,0,0,0,0,2,0,1,0,0,0,0,0,0,0,-2,0,5,2,4,2,1,1,3,4,4,1,2,3,0,0,0,0,3,0,1.4357357451798898
46,12676,2,2,5,4,5,34,1,3,5,3,5,5,4,3,4,4,60,5,4,4,4,4,4,4,4,4,3,-1,5,3,0,5,4,3,2,5,4,4,5,3,6,-1,-1,5,4,5,6,6,3,3,1,3,2,1,1,1,0.7120000000000001,3,3,2,1,1,2,4,1,1,1,1,1,1,1,1,1,0,1,2,1,1,5,0,2,2,4,1,0,1,0,0,1,0,0,0,0,0,0,0,0,1,3,2,0,1,2,0,1,1,1,2,2,1,1,0,0,4,0,0,0,0,0,0,2,1,0,0,0,0,1,0,0,0,0,0,0,0,0,3,-2,1,3,1,1,1,1,1,1,1,2,1,1,4,3,4,95,4,1,2,0,4,3,2,3,2,2,0,0,0,0,1,0,0,0,0,0,7,4,1,63,-2,100,3,1,0,0,0,0,1,1,0,0,0,0,0,0,0,0,-2,0,5,6,2,3,1,1,1,2,3,1,4,8,0,0,0,0,1,0,0.801111926963704
47,8305,2,3,6,6,7,76,5,5,1,5,5,1,1,4,1,2,55,4,4,4,4,4,4,4,2,4,2,5,5,5,0,2,4,3,4,5,5,5,5,5,5,1,0,4,2,3,5,5,4,3,1,3,2,1,1,1,0.242,3,3,2,1,2,2,4,1,1,1,1,1,1,0,1,1,0,1,1,1,2,98,0,4,1,99,1,0,1,1,1,1,0,0,0,0,0,0,0,0,1,2,1,0,1,1,0,1,1,1,1,1,1,0,0,0,4,1,0,1,0,0,1,3,0,0,0,0,0,0,0,0,0,0,0,0,0,1,-1,-2,1,5,0,1,1,1,1,0,0,2,0,1,1,3,1,100,3,5,2,0,2,2,3,3,3,4,0,0,0,0,0,0,0,0,0,1,5,4,1,65,-2,-2,5,1,0,0,0,0,8,0,0,0,0,0,0,0,1,0,1,0,5,8,1,5,1,1,2,8,1,1,2,3,0,0,0,0,2,0,0.24252959690461398
48,9182,1,3,6,-1,-1,50,3,3,3,4,4,4,3,4,2,3,43,4,3,2,2,3,4,3,4,4,5,4,4,3,1,4,3,2,2,5,3,1,2,3,4,7,7,4,3,4,2,2,3,3,1,3,2,1,1,1,0.242,3,3,2,1,1,2,3,4,1,1,1,1,1,1,1,0,0,1,1,1,2,99,0,1,98,99,1,1,1,0,0,0,0,0,0,0,0,0,0,0,1,1,2,0,2,1,0,1,1,1,1,1,1,0,0,0,3,1,0,0,0,0,1,2,0,1,0,0,0,1,0,0,0,0,0,0,0,0,1,0,1,2,0,0,0,0,1,1,0,2,0,1,2,3,3,100,2,1,1,1,3,3,2,2,3,4,0,1,0,0,0,0,0,0,0,0,5,3,1,-3,-2,50,3,1,0,0,0,0,8,0,0,0,0,0,0,0,1,0,1,1,4,6,2,2,1,2,2,4,1,1,4,9,0,0,0,0,2,0,0.6473005896454389
49,8946,1,3,5,6,6,47,2,2,3,3,3,4,3,3,2,4,43,3,3,3,3,3,3,2,4,4,2,5,4,4,0,4,4,4,3,5,4,1,4,2,3,1,0,4,2,5,5,3,3,3,1,3,2,1,1,1,0.7120000000000001,3,3,2,1,1,2,4,4,1,1,1,1,1,1,1,1,0,1,2,1,2,4,0,1,2,4,1,1,1,1,1,0,0,0,0,0,0,0,0,0,1,2,2,0,2,2,1,1,1,1,1,1,1,0,0,0,4,1,1,1,1,1,1,4,1,0,0,0,0,0,0,0,0,0,0,0,0,1,3,-2,1,3,0,1,0,0,1,0,0,2,1,1,3,4,3,72,3,1,1,0,4,2,2,2,4,5,0,0,0,0,0,0,0,0,0,1,6,3,-2,-2,65,100,3,1,0,0,0,0,2,0,1,0,0,0,0,0,0,0,-2,0,5,4,2,3,1,2,3,6,1,0,4,8,0,0,0,0,3,1,1.39218055130005
50,14079,1,1,4,5,6,37,1,1,4,2,3,4,3,2,5,5,27,1,4,2,2,2,2,2,3,2,4,4,2,3,1,2,3,3,3,3,2,1,3,2,4,0,1,3,2,3,3,2,2,2,1,2,2,1,0,1,-1.215,3,2,1,1,2,2,3,2,2,1,0,0,1,0,1,0,1,0,3,2,1,5,0,-2,-2,2,1,1,1,0,0,0,0,1,0,1,0,0,0,0,0,4,1,0,1,1,0,2,3,1,1,1,2,1,1,1,1,1,0,0,0,1,1,4,1,1,0,1,0,1,0,1,0,0,0,0,1,0,3,-2,1,4,0,1,0,1,1,0,1,3,1,0,4,4,3,35,3,1,1,1,4,3,2,2,4,4,0,0,0,0,0,0,0,0,0,1,5,3,-2,-2,61,15,4,1,0,0,0,0,2,0,1,0,0,0,0,0,0,0,-2,0,5,2,4,4,4,1,5,3,3,1,4,9,0,1,1,0,4,1,0.401878392774751
51,13243,1,3,6,6,5,71,4,4,1,4,2,2,1,5,1,2,64,5,4,4,4,4,5,5,4,2,2,6,5,4,1,5,5,4,4,5,4,5,5,6,5,1,1,5,2,6,6,2,4,3,1,3,2,1,1,1,0.7120000000000001,3,3,2,1,1,2,3,2,1,1,1,1,1,1,1,0,1,1,1,1,2,7,0,2,-1,6,1,1,1,1,1,1,0,0,0,0,0,0,0,0,1,4,1,0,2,1,0,1,1,1,1,1,1,0,0,0,4,1,1,1,0,1,1,2,1,1,0,0,0,0,0,0,0,0,0,0,0,1,2,0,1,2,1,1,1,1,1,1,1,2,1,1,3,4,3,90,3,4,2,0,2,2,3,4,5,5,0,1,0,0,0,0,1,0,0,0,6,4,-2,-2,62,100,4,1,0,0,0,0,2,0,1,0,0,0,0,0,0,0,-2,0,5,5,2,2,1,1,2,8,3,1,2,4,0,0,0,0,2,0,1.1376525284446002
52,9183,1,3,4,7,7,47,2,2,3,3,3,3,4,2,2,3,49,3,4,3,4,3,4,3,4,4,3,5,5,4,1,4,4,4,4,5,4,5,5,5,6,0,1,4,3,6,4,2,3,1,2,1,2,0,0,1,-0.909,2,3,1,1,2,2,4,1,1,0,1,0,1,0,1,1,0,1,2,1,3,5,0,2,1,5,1,1,0,0,0,1,0,0,0,0,0,0,0,0,1,3,2,0,3,2,0,1,1,1,3,2,1,0,0,0,3,1,0,0,0,1,0,2,1,0,0,0,0,1,0,0,0,0,0,0,0,0,2,1,1,3,1,1,1,1,1,1,1,2,0,1,4,3,2,80,4,4,2,0,4,1,3,3,5,4,1,1,1,1,1,1,0,1,0,0,6,3,-2,-2,68,85,3,1,0,0,0,0,2,0,1,0,0,0,0,0,0,0,-2,0,5,2,4,3,4,1,3,6,4,1,2,3,0,0,0,0,3,0,1.2046765849984198
53,12560,1,3,5,5,4,43,3,3,3,3,3,3,4,2,5,3,55,4,4,4,4,3,4,3,4,4,2,6,4,3,1,4,4,4,4,4,4,1,4,5,6,1,0,5,4,5,4,2,2,3,1,3,2,1,1,1,1.2670000000000001,3,3,2,1,1,2,4,2,1,1,1,1,1,1,1,1,1,1,2,2,2,7,0,-2,-2,3,1,1,1,1,0,1,0,1,0,0,0,0,0,0,1,2,1,0,3,2,8,2,2,1,1,2,1,8,0,0,8,1,1,0,0,1,1,2,0,0,0,1,0,1,1,0,1,0,0,0,1,0,3,-2,1,5,1,0,0,1,1,0,0,2,1,1,2,2,2,80,3,3,1,0,4,2,2,3,4,4,1,0,1,1,1,0,1,1,1,0,6,3,-2,-2,64,100,5,0,1,0,0,2,2,0,1,0,0,0,0,0,0,0,-2,0,5,4,2,5,4,2,5,9,1,1,4,9,1,0,0,0,4,0,0.997541024870394
54,11222,1,3,5,6,5,50,3,3,3,3,3,3,3,3,3,3,41,3,3,3,3,3,3,3,3,3,3,5,3,3,1,4,4,4,4,5,5,5,5,4,5,1,1,3,3,5,4,5,3,3,1,3,2,1,1,1,-0.57,2,1,2,1,1,2,3,4,1,0,0,1,1,1,1,0,0,1,2,1,2,7,0,98,98,99,1,1,1,1,0,0,0,0,0,0,0,1,0,0,0,3,1,0,2,2,0,1,1,1,1,1,1,0,0,0,3,1,0,0,0,0,0,2,1,0,0,0,0,1,0,0,0,0,0,0,0,0,1,0,2,4,1,0,0,0,0,1,0,2,0,1,4,4,4,25,3,2,2,1,4,3,2,2,4,3,0,1,0,0,1,0,0,0,0,0,6,3,0,-2,-2,70,5,0,0,0,0,1,8,1,0,0,0,0,0,0,1,0,1,1,4,6,2,3,4,2,2,3,1,1,1,1,0,0,0,0,2,0,0.3646150534918571
55,11081,1,3,6,6,6,59,4,5,2,4,5,3,2,5,2,3,53,4,4,4,3,3,4,4,4,5,3,5,5,4,1,3,4,4,3,5,4,3,3,6,5,1,1,4,3,5,6,1,4,3,1,3,2,1,1,1,0.242,3,3,2,2,1,2,4,3,1,1,1,1,0,1,1,1,0,1,1,1,1,2,0,3,1,5,1,0,1,1,1,1,0,0,0,0,0,0,0,0,1,2,2,0,1,1,0,1,1,1,1,1,1,0,0,0,4,1,0,1,0,0,0,2,1,-1,0,0,0,0,0,0,0,0,0,0,0,1,3,-2,1,2,1,1,0,1,1,0,1,2,0,1,3,3,2,85,3,4,2,0,3,1,3,3,3,3,0,0,1,0,1,0,1,1,1,0,5,4,0,-2,-2,60,5,1,0,0,0,0,8,0,0,0,0,0,0,0,1,0,2,0,5,7,2,5,1,2,1,5,4,1,2,3,0,0,0,0,1,0,0.43635146761151894
56,8947,1,3,7,6,6,61,4,4,2,4,2,2,2,4,2,2,56,4,4,4,4,3,4,4,4,4,3,5,5,4,1,4,4,4,4,5,4,5,5,6,6,1,1,4,3,4,5,3,4,3,1,3,2,1,1,1,-0.188,3,3,2,2,1,2,3,1,1,1,1,1,0,1,1,0,0,1,1,2,2,5,0,-2,-2,7,1,1,1,1,0,1,0,0,0,0,0,0,0,0,1,2,1,0,1,1,0,1,1,1,1,1,1,0,0,0,4,1,1,0,0,1,1,2,1,0,0,0,0,0,0,0,0,0,1,0,0,0,2,0,1,4,0,1,0,1,1,0,1,2,1,1,3,2,1,95,5,4,2,0,4,2,3,4,3,5,0,0,0,0,0,0,0,1,0,0,6,4,-2,-2,71,80,5,0,2,2,0,0,2,0,1,0,0,0,0,0,0,0,-2,0,5,3,3,5,1,1,5,7,1,1,4,8,0,0,1,0,2,0,0.42370703893043704
57,8306,1,3,7,7,6,69,4,5,1,5,2,2,1,4,2,1,64,5,5,4,3,3,5,5,5,3,2,6,5,4,1,5,4,5,4,5,4,5,5,6,5,1,0,4,3,6,6,2,3,3,1,3,2,1,1,1,0.7120000000000001,3,3,2,1,1,2,3,2,1,1,1,1,1,1,1,0,1,1,1,1,2,7,0,4,3,5,1,1,1,1,0,0,1,0,0,0,0,0,0,0,1,1,1,0,2,1,0,1,1,1,1,1,1,0,0,0,4,1,1,1,0,1,0,2,1,0,0,0,0,0,0,0,0,0,1,0,1,0,3,-2,1,5,0,0,0,0,0,0,0,2,1,1,3,4,1,90,4,4,2,0,2,1,3,3,5,4,0,0,0,1,0,0,0,1,0,0,6,4,-2,-2,62,80,3,0,0,0,0,1,2,0,1,0,0,0,0,0,0,0,-2,0,5,5,2,5,1,1,2,9,1,1,1,2,0,0,0,0,2,0,0.6553046001642121
58,9915,1,3,5,5,4,70,4,4,1,4,1,2,1,3,1,3,58,3,5,5,5,4,3,3,4,5,1,6,5,3,1,1,3,3,2,5,3,4,5,5,4,1,1,3,3,3,6,3,3,3,1,3,2,1,1,1,1.2670000000000001,3,3,2,1,1,2,4,2,1,1,1,1,1,1,1,1,1,1,1,1,2,7,0,4,3,5,1,1,1,1,0,1,1,0,0,0,0,0,1,1,0,1,3,1,2,1,0,1,1,1,1,1,1,0,0,0,4,1,1,1,0,1,0,2,0,1,0,0,0,0,0,0,0,0,0,0,0,1,3,-2,1,1,0,0,0,1,1,1,0,2,1,1,3,3,3,80,5,3,2,0,4,3,2,3,4,4,0,1,0,0,0,0,1,0,0,0,6,4,-2,-2,70,85,4,0,0,1,0,0,1,1,0,0,0,0,0,0,0,0,-2,0,5,4,3,4,3,2,3,9,1,0,3,7,0,0,1,0,2,1,3.82626611156844
59,8712,1,3,6,4,4,42,1,3,3,4,2,4,5,3,3,4,45,3,4,4,3,3,4,3,3,3,2,5,4,3,0,5,4,4,2,4,5,2,3,4,5,1,1,2,1,2,4,3,3,3,1,3,2,1,1,1,-0.57,2,3,3,1,1,2,3,4,1,0,1,0,1,1,1,0,0,1,2,2,2,2,0,-2,-2,4,1,0,1,1,0,0,0,0,0,0,0,0,0,0,1,2,2,0,2,1,0,1,1,1,1,1,1,0,0,1,1,1,1,0,0,0,0,2,1,0,0,0,0,0,0,0,0,0,0,0,0,1,2,0,1,2,0,0,0,0,0,0,0,2,0,1,4,3,2,80,2,3,2,0,4,1,3,3,1,4,0,0,0,0,0,0,0,0,0,1,5,2,-2,-2,65,50,2,0,1,1,0,0,2,0,1,0,0,0,0,0,0,0,-2,0,5,2,4,2,1,2,4,7,5,1,2,3,0,1,1,0,2,1,1.54724225368128
60,12710,1,3,7,5,6,73,5,4,2,4,1,2,1,5,1,2,53,4,5,4,4,3,4,4,3,3,3,5,5,5,0,4,4,4,3,5,5,1,5,5,5,7,7,3,1,4,3,2,4,3,1,3,2,1,1,1,-0.188,3,3,2,2,2,2,4,1,1,1,1,1,0,0,1,1,0,1,1,1,2,1,0,2,1,6,1,0,0,1,1,0,0,0,0,0,0,0,0,0,1,2,1,0,1,1,0,1,1,1,1,1,1,0,0,0,4,1,1,1,1,1,0,2,1,0,0,0,0,0,0,0,0,0,0,0,0,1,1,0,1,3,0,1,0,0,1,0,0,2,0,1,3,4,3,95,4,4,2,0,1,2,3,3,5,5,0,1,0,0,0,0,0,0,0,0,7,4,1,66,-2,100,3,1,0,0,0,0,8,0,0,0,0,0,0,0,1,0,1,1,2,6,2,3,1,1,2,7,1,1,3,6,0,0,0,0,2,0,0.495238483924799
61,10129,1,3,7,6,6,62,4,4,2,5,4,2,1,4,2,3,55,5,4,4,3,3,4,5,3,3,3,5,4,4,1,3,4,4,3,5,4,5,4,5,5,0,1,4,4,3,4,6,3,3,1,3,2,1,1,1,0.7120000000000001,3,3,2,1,1,2,3,2,1,1,1,1,1,1,1,0,1,1,1,1,2,7,0,4,3,7,1,1,1,1,1,1,0,0,0,0,0,0,1,0,0,2,2,1,3,1,0,1,1,1,1,1,1,0,0,0,4,1,1,1,0,0,1,1,0,1,0,0,0,1,1,0,0,0,1,1,0,0,3,-2,1,5,0,1,0,1,1,1,1,2,1,1,3,4,3,90,4,4,2,0,3,2,3,1,3,4,0,1,1,0,0,0,1,0,0,0,-1,4,0,-2,-2,85,5,0,2,0,0,1,3,0,0,1,0,0,0,0,0,0,-2,0,5,6,2,5,1,1,5,9,1,1,1,2,1,1,0,0,4,0,0.49505346992289
62,11082,1,3,6,6,5,62,4,4,2,4,2,2,2,5,2,3,55,4,4,3,3,2,5,5,4,5,3,4,5,4,1,5,2,3,2,5,5,5,5,6,6,1,1,4,2,6,5,4,3,3,1,3,2,1,1,1,1.2670000000000001,3,3,2,1,1,2,4,2,1,1,1,1,1,1,1,1,1,1,1,1,4,99,0,99,99,99,1,0,0,1,0,0,1,0,0,0,0,0,0,0,1,2,1,-1,2,2,0,1,1,1,1,2,1,0,0,0,4,1,1,0,0,0,1,2,0,0,0,0,0,0,0,0,0,0,0,0,0,1,2,0,-1,5,1,1,1,1,1,0,1,3,0,0,1,2,1,90,4,5,2,0,3,1,1,1,4,3,0,0,0,0,0,0,0,0,0,1,2,3,0,-2,-2,90,5,1,0,0,0,0,8,0,0,0,0,0,0,0,1,0,1,0,5,6,2,5,1,2,3,7,1,1,3,5,0,0,0,0,3,0,0.45582902214287496
63,12298,1,3,5,6,7,52,4,4,3,4,2,4,2,4,2,5,56,4,4,4,4,4,4,4,4,4,4,4,5,5,1,4,4,4,4,4,4,4,4,6,5,1,0,4,3,4,5,3,4,3,1,3,2,1,1,1,0.7120000000000001,3,3,2,1,1,2,3,2,1,1,1,1,1,1,1,0,1,1,2,1,1,4,0,1,2,6,1,0,1,1,0,1,0,0,0,0,0,0,0,0,1,1,1,0,1,1,0,1,1,1,1,1,1,0,0,0,4,1,1,0,1,1,0,3,0,0,0,0,0,0,0,0,0,0,0,0,0,1,3,-2,-1,4,1,1,0,1,0,0,1,2,0,1,3,3,3,80,3,4,1,0,5,2,3,3,3,5,1,0,1,0,1,0,0,0,0,0,6,4,-2,-2,68,60,4,1,0,0,0,0,2,0,1,0,0,0,0,0,0,0,-2,1,2,3,3,4,1,1,1,6,4,1,1,1,0,0,0,0,1,0,0.603385559440927
64,10759,1,3,7,7,7,63,3,4,2,3,2,2,1,3,1,3,61,4,4,4,4,4,4,4,5,5,2,6,5,4,1,4,3,4,3,5,4,4,5,5,5,1,0,4,3,6,6,2,4,3,1,3,2,1,1,1,0.7120000000000001,3,3,2,1,2,2,4,2,1,1,1,1,1,0,1,1,1,1,1,1,2,7,0,3,3,7,1,1,1,1,1,1,0,1,0,0,0,0,0,0,1,2,2,0,2,1,0,1,1,1,1,1,1,0,0,0,4,1,1,1,0,1,0,2,1,0,0,0,0,1,0,0,0,0,1,0,0,0,3,-2,-1,5,1,0,0,0,1,0,0,2,1,1,2,2,2,75,5,4,2,0,4,2,3,3,5,5,0,1,0,0,0,0,1,1,0,0,1,4,-2,-2,69,50,5,0,1,1,0,0,2,0,1,0,0,0,0,0,0,0,-2,0,5,3,3,5,1,1,4,8,1,1,1,2,0,1,1,0,2,0,0.448713642969729
65,9184,1,3,7,3,6,50,3,3,2,4,3,5,3,3,2,3,51,4,4,3,3,3,4,4,4,4,4,4,2,4,1,4,4,4,3,5,3,3,5,6,6,1,0,3,3,4,3,4,3,2,1,2,2,1,0,1,-1.215,2,2,1,1,1,1,3,2,1,0,0,0,1,1,0,0,1,1,2,1,2,7,0,2,2,4,1,1,1,1,0,1,0,1,0,0,0,1,0,0,0,3,3,1,2,1,0,2,2,2,2,1,2,0,0,0,2,1,0,1,0,0,1,1,0,0,1,0,0,1,0,0,0,0,0,0,0,0,2,0,1,3,1,1,1,1,1,0,1,2,0,1,2,2,2,50,4,4,2,0,4,2,3,3,4,4,0,0,0,0,0,0,1,1,0,0,5,4,-2,-2,70,100,3,0,0,0,0,1,2,0,1,0,0,0,0,0,0,0,-2,1,4,4,2,3,1,2,3,9,1,1,1,2,0,0,1,0,2,0,1.6124932630883402
66,8713,1,3,6,4,4,56,3,3,2,3,4,2,2,3,2,3,49,3,4,3,4,3,4,3,5,3,2,5,5,4,1,4,4,4,4,5,5,5,5,6,5,1,0,5,2,2,5,2,4,3,1,3,2,1,1,1,-0.188,3,3,1,1,1,2,3,1,1,1,1,0,1,1,1,0,0,1,1,1,2,99,0,2,99,7,1,0,1,1,1,1,0,0,0,0,0,1,0,0,0,1,1,0,2,1,0,1,1,1,1,1,1,0,0,0,4,1,1,1,1,1,0,2,1,1,0,0,0,0,0,0,0,0,0,0,0,1,2,0,-1,2,0,1,0,0,1,1,1,2,0,1,3,4,1,90,3,3,2,0,2,1,-1,3,4,3,0,0,0,0,0,0,1,0,0,0,5,4,1,63,-2,-2,5,1,0,0,0,0,8,0,0,0,0,0,0,0,1,0,2,0,5,8,1,5,1,2,2,6,1,1,2,4,0,0,0,0,2,0,0.6844938087390539
67,9434,1,3,6,2,4,50,1,2,4,3,3,3,3,3,2,2,43,3,3,3,3,3,4,3,3,4,4,4,3,3,1,4,3,4,3,5,5,1,5,5,6,1,1,5,3,5,5,4,3,2,1,2,2,1,0,1,-1.713,2,2,2,1,2,1,3,1,2,0,0,1,1,0,0,0,0,0,3,1,2,4,0,1,2,5,1,1,1,1,0,0,0,0,0,0,0,0,0,0,1,2,1,0,2,2,0,2,1,1,1,1,1,0,0,0,4,1,1,0,0,0,0,2,1,1,1,1,0,0,0,0,0,0,0,0,0,0,3,-2,1,2,1,1,1,1,1,1,1,2,1,1,2,1,2,90,3,3,2,0,3,2,3,3,3,3,0,1,0,0,0,0,0,0,0,0,7,4,-2,-2,65,25,2,1,0,0,0,0,3,0,0,1,0,0,0,0,0,0,-2,0,5,5,2,2,1,1,2,5,1,1,3,5,0,0,0,0,2,0,1.8539974182684198
68,10912,1,3,6,6,5,59,3,3,2,3,3,2,2,3,2,2,44,4,3,2,2,2,4,3,5,3,3,5,4,4,1,4,4,4,4,5,4,5,5,6,6,1,1,4,4,1,-1,5,4,2,1,3,1,1,1,0,-0.57,1,3,2,2,1,2,2,4,1,0,1,1,0,1,1,0,0,1,1,1,2,2,0,1,1,6,1,1,1,1,1,1,0,0,0,0,0,0,0,0,1,2,1,0,2,1,0,1,1,1,1,1,1,0,0,0,4,1,1,1,0,1,0,1,0,0,0,0,0,0,0,0,0,0,0,0,1,0,3,-2,1,2,0,0,1,1,0,0,0,2,0,1,3,2,2,95,3,1,2,0,3,2,3,3,3,4,0,0,0,0,0,0,0,1,0,0,6,2,1,65,-2,90,2,1,0,0,0,0,2,0,1,0,0,0,0,0,0,0,-2,0,5,6,2,2,2,1,2,6,1,1,3,7,0,0,0,0,2,1,0.722908109089772
69,10130,1,3,7,7,5,50,3,3,2,3,3,4,3,2,3,3,41,3,3,4,3,3,2,3,3,3,3,5,5,3,0,3,3,3,3,5,3,3,5,5,4,7,1,3,3,2,3,4,3,3,1,3,2,1,1,1,0.7120000000000001,3,3,2,1,1,2,4,4,1,1,1,1,1,1,1,1,0,1,2,1,2,7,0,3,3,5,1,1,1,0,1,1,0,0,0,0,0,0,0,0,1,3,2,0,2,2,0,1,1,1,1,1,1,1,0,0,4,1,1,1,0,1,1,4,0,0,0,0,0,1,0,0,0,0,0,0,0,0,3,-2,1,3,1,0,0,1,1,1,0,2,1,1,4,4,3,99,4,5,1,0,2,2,3,3,4,3,0,0,0,0,0,0,0,0,0,1,2,4,0,-2,-2,80,4,1,0,0,0,0,8,0,0,0,0,0,0,0,1,0,2,0,5,6,2,2,1,2,2,9,1,1,3,5,0,0,0,0,2,0,0.784031581495481
70,8308,1,2,7,7,7,86,5,5,1,5,1,1,1,5,1,1,79,5,5,5,5,5,5,5,5,2,1,6,5,5,1,5,5,5,5,5,5,5,5,6,6,1,1,4,3,3,6,4,4,3,1,3,2,1,1,1,-0.909,3,3,1,1,2,2,3,1,2,1,1,0,1,0,1,0,0,0,1,2,2,5,1,-2,-2,99,1,1,1,1,1,1,1,0,0,0,0,0,0,0,1,1,1,0,1,1,0,1,1,1,1,1,1,0,0,0,4,1,1,1,1,1,1,2,1,1,0,0,0,0,0,0,0,0,0,0,0,1,3,-2,1,3,0,1,0,1,1,0,0,2,1,1,3,4,3,100,5,5,2,0,4,1,4,4,3,5,1,1,0,0,0,1,1,1,0,0,6,4,-2,-2,65,100,3,0,0,0,1,0,2,0,1,0,0,0,0,0,0,0,-2,0,5,3,3,3,1,1,4,3,1,1,3,5,0,0,0,1,2,0,0.7156958052522859
71,10550,2,3,6,5,4,50,2,3,3,3,3,4,3,3,2,3,37,3,2,2,3,2,3,3,3,3,4,4,3,3,1,5,4,4,4,4,3,4,5,4,5,1,0,3,2,3,3,4,3,3,1,3,2,1,1,1,-0.57,2,3,2,1,2,2,3,2,2,0,1,1,1,0,1,0,1,0,2,1,2,6,0,3,3,7,1,0,0,1,0,0,0,0,0,0,0,0,0,0,1,3,1,0,2,1,0,1,1,1,1,1,1,1,0,0,3,1,1,1,0,1,0,2,1,1,0,0,0,0,0,0,0,0,0,0,0,1,1,0,1,3,0,0,0,0,0,0,0,2,1,1,4,3,4,5,2,1,1,0,3,2,3,1,3,1,0,0,0,1,0,0,0,0,1,0,5,3,1,-3,-2,0,3,0,0,0,0,2,6,0,0,0,0,0,1,0,0,0,-2,1,2,6,2,3,4,1,3,5,1,1,4,9,0,0,0,0,3,1,0.279866573378557
72,8714,1,3,6,6,6,56,3,3,2,3,2,4,2,4,2,3,44,4,3,2,2,2,4,4,3,3,3,4,5,4,1,4,3,3,4,5,4,5,4,6,5,1,1,3,3,6,3,3,4,3,1,3,2,1,1,1,0.242,3,3,2,1,2,2,4,3,1,1,1,1,1,0,1,1,0,1,1,1,2,6,0,3,2,6,1,0,1,1,0,1,1,0,0,0,0,0,0,0,1,2,1,0,2,1,0,1,1,1,1,1,1,0,0,0,4,1,1,0,1,1,8,2,1,1,0,0,0,0,0,0,0,0,0,0,0,1,2,0,1,5,1,1,1,1,1,0,1,2,1,1,2,3,2,50,3,4,2,0,5,1,3,3,4,5,0,1,0,0,0,0,0,0,0,0,5,3,-2,-2,65,0,5,0,1,1,0,0,2,0,1,0,0,0,0,0,0,0,-2,0,5,3,3,5,1,2,4,8,1,0,1,1,0,0,1,0,2,0,0.9368592923935312
73,7314,1,3,6,6,6,59,4,4,2,4,3,3,2,5,2,2,61,4,4,4,4,4,5,5,4,4,2,6,5,5,1,5,5,5,5,5,4,5,5,6,6,1,1,5,3,4,5,6,4,3,1,3,2,1,1,1,-0.57,2,3,2,2,1,2,3,4,1,0,1,1,0,1,1,0,0,1,1,1,2,5,0,2,2,5,1,1,1,1,0,1,1,1,0,0,0,0,0,0,1,3,2,0,2,1,0,1,1,1,1,1,1,0,0,0,4,1,1,0,0,1,0,2,1,0,0,0,0,0,0,0,0,0,0,0,0,1,2,0,1,3,0,0,0,1,1,0,0,2,1,1,3,2,3,85,4,3,2,0,4,2,3,3,4,4,0,0,0,0,0,0,0,0,0,1,5,4,-2,-2,65,90,5,0,1,0,0,0,2,0,1,0,0,0,0,0,0,0,-2,0,5,3,3,3,1,2,3,8,1,1,3,5,0,1,0,0,2,0,1.53169583030125
74,14099,2,3,7,7,7,81,5,5,1,5,1,1,1,4,1,3,64,5,5,4,4,4,5,5,4,3,3,5,5,5,0,3,3,5,5,5,5,5,5,5,6,0,0,5,2,3,5,4,4,3,1,3,2,1,1,1,1.2670000000000001,3,3,2,1,1,2,4,2,1,1,1,1,1,1,1,1,1,1,1,2,2,7,0,-2,-2,6,1,1,1,1,1,1,0,0,0,0,0,0,0,0,1,1,2,0,2,1,0,1,1,1,1,1,1,0,0,0,4,1,1,1,0,1,0,1,1,0,0,0,0,0,1,0,0,0,1,0,0,0,3,-2,-1,5,0,0,0,0,1,0,0,2,1,1,2,2,2,100,4,4,2,0,2,1,4,4,4,3,0,0,0,0,0,0,1,1,0,0,6,4,0,-2,-2,95,5,1,0,0,0,0,8,0,0,0,0,0,0,0,1,0,2,0,5,6,2,5,1,1,2,9,1,1,3,5,0,0,0,0,2,0,0.47804281511741104
75,7315,1,3,5,5,6,43,3,4,3,3,4,4,4,3,3,3,47,3,3,3,4,3,4,4,3,3,3,5,4,3,1,3,3,4,4,3,3,4,4,5,4,0,1,4,3,4,4,5,3,3,1,3,2,1,1,1,0.7120000000000001,3,3,2,1,2,2,4,2,1,1,1,1,1,0,1,1,1,1,1,1,2,7,0,4,3,6,1,1,1,1,1,1,1,1,0,0,0,0,0,0,1,2,1,0,2,1,0,1,1,1,1,1,1,0,0,0,4,1,1,1,1,1,1,2,0,0,0,0,0,0,0,0,0,0,0,0,0,1,2,0,1,3,0,0,0,0,1,1,0,2,1,1,-1,3,2,50,3,5,2,0,4,2,3,2,3,3,0,0,0,0,0,0,0,0,0,1,6,3,-2,-2,67,35,4,0,1,1,0,0,2,0,1,0,0,0,0,0,0,0,-2,0,5,2,4,4,1,1,4,9,1,1,3,7,0,1,1,0,2,0,1.3312002072243
76,12751,1,3,4,4,5,31,1,2,5,2,5,4,4,2,5,4,55,4,3,4,4,5,5,3,4,2,2,4,4,4,1,5,5,5,5,4,3,2,5,4,6,7,1,4,3,6,4,4,3,1,3,2,2,0,0,1,-0.57,1,3,2,1,1,1,2,2,1,0,1,1,1,1,0,0,1,1,2,2,2,4,1,-2,-2,2,1,0,1,0,0,0,0,0,0,1,1,0,0,1,0,3,1,0,1,1,1,3,3,2,2,2,1,1,1,0,1,1,0,0,0,0,1,3,1,0,0,1,0,1,0,0,0,0,0,0,0,0,3,-2,1,1,1,1,0,1,0,0,0,3,1,0,2,3,2,50,1,2,2,1,5,1,3,4,3,3,0,1,0,0,0,0,0,0,0,0,5,4,-2,-2,61,0,2,1,0,0,0,0,2,0,1,0,0,0,0,0,0,0,-2,0,5,2,4,1,4,2,2,3,5,1,3,7,0,0,0,0,2,1,1.90340950049395
77,11499,1,3,5,5,6,52,3,3,2,3,3,3,3,3,3,2,48,3,4,4,4,3,3,3,4,3,2,5,4,4,1,4,4,4,4,4,3,3,4,5,5,1,1,4,2,1,6,2,3,3,1,3,2,1,1,1,0.242,2,3,2,1,1,2,4,4,1,0,1,1,1,1,1,1,0,1,2,1,2,5,0,2,2,4,1,1,1,1,0,0,0,0,0,0,0,0,0,0,1,2,2,0,2,1,0,1,1,1,1,1,1,0,0,0,4,1,1,1,0,1,0,1,1,0,0,0,0,0,0,0,0,0,0,0,0,1,2,0,1,2,1,0,0,0,0,1,1,2,1,1,3,3,2,100,4,4,1,0,4,1,3,4,4,4,0,0,0,0,0,0,0,0,0,1,2,4,-2,-2,70,70,4,1,0,0,0,0,2,0,1,0,0,0,0,0,0,0,-2,0,5,4,2,4,1,1,2,9,1,1,3,5,0,0,0,0,2,0,0.986328867452414
78,8309,2,3,3,4,2,49,3,3,3,3,3,3,4,1,2,3,37,3,2,3,2,1,3,3,4,3,3,-1,4,3,0,4,3,3,3,4,1,5,4,5,4,1,1,3,3,-1,-1,3,3,3,1,3,2,1,1,1,0.7120000000000001,3,3,1,1,1,2,4,2,1,1,1,0,1,1,1,1,1,1,1,1,1,99,0,3,99,99,1,0,1,1,1,1,0,0,0,0,0,0,0,0,1,2,1,0,1,1,0,1,1,1,2,1,1,0,0,0,8,1,0,1,0,0,0,2,1,0,0,0,0,0,0,0,0,0,0,0,0,1,3,-2,1,3,0,1,0,0,0,1,1,2,0,1,3,3,3,100,2,4,1,0,3,3,3,3,4,3,0,0,0,0,0,0,0,1,0,0,2,4,1,62,-2,50,3,1,0,0,0,0,8,0,0,0,0,0,0,0,1,0,1,0,5,6,2,3,1,2,1,4,4,1,3,5,0,0,0,0,1,0,0.597089468668002
79,8948,1,3,6,6,6,83,5,5,1,5,1,1,2,5,1,1,60,4,4,4,4,4,5,5,4,4,2,5,5,5,0,5,5,4,3,5,5,5,5,5,6,7,1,5,4,3,5,2,4,2,2,3,2,0,1,1,0.242,3,1,2,1,1,2,3,2,1,1,0,1,1,1,1,0,1,1,1,1,2,1,0,4,1,7,1,0,1,0,1,1,0,0,0,0,0,0,0,0,1,2,1,0,2,1,0,1,1,1,1,1,1,0,0,0,4,1,1,1,0,1,8,2,1,0,0,0,0,0,0,0,0,0,0,0,0,1,2,0,1,4,0,1,1,1,1,1,0,3,1,0,3,4,3,75,4,4,2,0,2,2,3,4,4,2,0,1,0,0,0,0,1,1,0,0,7,4,1,65,-2,-2,4,1,0,0,0,0,8,0,0,0,0,0,0,0,1,0,1,1,4,8,1,4,1,2,2,9,1,1,2,3,0,0,0,0,2,0,0.7393909768007879
80,11223,1,3,7,4,6,70,4,4,2,4,1,2,1,5,1,2,67,5,4,4,5,3,5,5,4,4,3,5,4,4,1,5,5,5,5,5,4,5,5,6,6,1,1,5,5,3,5,3,4,3,1,3,2,1,1,1,1.2670000000000001,3,3,2,1,1,2,4,2,1,1,1,1,1,1,1,1,1,1,1,1,2,5,0,2,2,6,1,0,1,1,0,1,1,0,0,0,0,0,0,0,1,2,2,0,2,1,0,1,1,1,1,1,1,0,0,0,4,1,1,0,0,1,1,2,0,0,0,0,0,0,0,0,0,0,0,0,0,1,2,0,2,3,1,1,1,0,1,1,0,2,1,1,3,2,1,9,4,4,2,0,4,2,3,3,4,5,1,1,0,0,1,0,1,1,0,0,6,4,-2,-2,68,60,5,0,0,2,0,0,2,0,1,0,0,0,0,0,0,0,-2,1,2,3,3,4,1,1,4,8,1,1,3,6,0,0,1,0,2,0,0.7216375366845551
81,14078,1,3,6,6,6,72,4,4,1,4,1,1,2,4,1,2,57,4,4,4,4,4,4,4,4,4,2,6,5,4,0,4,4,4,4,5,5,5,4,6,6,0,0,4,4,5,5,5,4,3,1,3,2,1,1,1,0.7120000000000001,3,3,2,1,2,2,4,2,1,1,1,1,1,0,1,1,1,1,1,1,2,5,0,4,1,7,1,0,1,1,1,1,1,0,0,0,0,0,0,0,1,2,1,0,2,2,0,1,1,1,1,2,1,1,0,0,4,1,1,1,0,0,1,2,1,-1,0,0,0,1,0,0,0,0,0,0,0,0,3,-2,1,2,1,1,1,1,1,1,0,2,1,1,4,4,3,95,3,3,2,0,3,2,4,3,2,3,0,1,1,0,1,0,1,1,0,0,7,4,1,62,-2,80,4,1,0,0,0,0,8,0,0,0,0,0,0,0,1,0,2,1,2,7,1,4,1,1,2,7,1,1,3,6,0,0,0,0,2,1,0.520903605569945
82,10551,1,3,6,6,7,55,3,4,3,4,2,2,3,2,1,3,55,4,4,4,4,3,5,3,4,3,2,5,5,5,1,5,5,5,4,5,4,4,5,5,6,1,1,4,3,6,6,4,4,3,1,3,2,1,1,1,0.242,3,3,2,1,2,2,4,1,1,1,1,1,1,0,1,1,0,1,2,1,2,7,0,4,3,5,1,1,1,1,0,1,0,0,0,0,0,0,0,0,1,1,2,0,2,2,0,1,1,1,1,1,1,0,0,0,4,1,1,0,0,0,0,3,1,0,0,0,0,0,0,0,0,0,0,0,0,1,3,-2,1,5,1,1,1,1,1,0,1,2,1,1,3,2,4,90,5,3,2,0,4,1,4,4,4,4,0,1,0,0,0,0,0,0,0,0,7,4,-2,-2,69,80,5,1,0,0,0,0,1,1,0,0,0,0,0,0,0,0,-2,0,5,5,2,5,1,2,1,9,1,1,1,2,0,0,0,0,1,0,0.9952679912128579
83,7994,1,3,7,7,7,59,3,3,2,4,2,2,2,4,2,3,58,4,4,4,4,4,4,4,4,4,2,6,5,3,1,4,4,4,3,5,3,4,4,6,6,1,1,4,4,4,5,2,4,3,1,3,2,1,1,1,-0.188,3,3,2,1,2,2,3,1,1,1,1,1,1,0,1,0,0,1,1,1,2,5,0,2,2,4,1,1,1,1,0,1,0,1,0,0,0,0,0,0,1,1,2,0,2,1,0,1,1,1,1,1,1,0,0,0,4,1,1,0,1,1,1,2,1,1,0,0,0,0,0,0,0,0,0,0,0,1,3,-2,1,4,1,1,1,1,1,1,1,2,1,1,3,2,2,70,5,3,2,0,2,1,3,4,5,5,1,1,1,0,1,1,1,1,0,0,5,4,-2,-2,70,90,4,0,1,0,0,0,2,0,1,0,0,0,0,0,0,0,-2,0,5,2,4,4,1,1,3,6,1,1,2,3,0,1,0,0,2,0,0.5487399433321939
84,8949,2,3,6,6,5,67,3,2,1,1,3,2,1,4,1,2,51,4,2,4,4,4,4,4,2,2,2,5,5,4,1,3,4,4,3,5,4,5,4,5,4,1,1,4,3,4,4,2,4,3,1,3,2,1,1,1,0.7120000000000001,3,3,2,1,1,2,2,2,1,1,1,1,1,1,1,0,1,1,1,1,2,5,0,3,1,7,1,1,1,1,1,0,0,0,0,0,0,0,0,0,1,2,2,1,2,1,0,1,1,1,1,1,1,0,0,0,4,1,1,1,1,1,0,2,0,0,0,0,0,0,0,0,0,0,0,0,0,1,1,0,-1,5,0,1,1,1,1,1,1,2,0,1,2,3,3,90,3,5,1,0,3,3,2,3,3,3,0,1,0,0,0,0,0,1,0,0,2,3,1,68,-2,70,5,0,0,0,0,2,3,0,0,1,0,0,0,0,0,0,-2,0,5,6,2,5,1,2,2,8,1,1,3,5,0,0,0,0,2,0,0.566148813903296
85,7995,1,1,7,7,7,26,5,5,5,5,5,5,5,5,5,5,79,5,5,5,5,5,5,5,5,5,5,6,5,5,0,4,4,4,4,5,5,5,5,6,6,0,0,5,5,1,1,7,4,1,1,1,1,1,0,0,-1.713,1,1,1,2,2,2,2,3,1,0,0,0,0,0,1,0,0,1,3,2,1,1,0,-2,-2,2,1,0,0,0,0,0,0,0,0,0,0,1,0,0,0,3,3,1,1,1,0,2,2,2,2,2,2,1,1,0,2,1,0,0,0,0,1,2,1,0,0,0,0,1,0,0,0,0,0,0,0,0,1,1,1,2,0,0,0,1,1,1,0,2,0,1,5,5,5,0,4,2,1,0,4,4,4,4,5,5,0,0,0,0,0,0,0,0,1,0,7,4,-2,-2,61,100,2,1,0,0,0,0,6,0,0,0,0,0,1,0,0,0,-2,0,5,3,3,2,1,1,5,1,4,1,4,9,0,1,1,0,2,0,0.921602177690402
86,10552,2,3,6,6,7,55,4,3,3,3,3,3,2,3,2,3,42,3,4,3,3,3,3,3,3,3,3,5,5,5,1,4,4,4,4,5,5,5,5,5,6,-1,1,4,3,3,4,4,3,2,1,2,2,1,0,1,-0.57,3,3,3,1,2,2,3,2,1,1,1,0,1,0,1,0,1,1,1,1,2,99,0,2,1,5,1,1,1,0,1,0,0,0,0,0,0,0,0,0,1,1,1,0,1,1,0,1,1,1,1,1,1,0,0,0,4,1,1,1,0,0,0,2,0,0,0,0,0,0,0,0,0,0,0,0,0,1,2,0,1,2,0,1,1,1,1,1,1,2,1,1,3,3,3,100,3,2,2,0,2,3,3,3,3,3,0,1,0,0,0,0,0,0,0,0,6,4,1,62,-2,-2,4,1,0,0,0,0,8,0,0,0,0,0,0,0,1,0,2,0,5,8,1,2,1,2,2,8,1,1,1,2,0,0,0,0,2,0,0.42878676017660705
87,11224,1,3,7,7,7,86,5,5,1,5,1,1,1,5,1,2,77,5,5,5,5,4,5,5,5,5,2,7,5,5,1,5,5,5,5,5,5,5,5,6,6,7,7,5,4,6,6,2,4,3,1,3,2,1,1,1,1.2670000000000001,3,3,2,1,1,2,4,2,1,1,1,1,1,1,1,1,1,1,1,1,2,1,0,3,1,5,1,0,1,1,0,1,0,0,0,0,0,0,0,0,1,1,2,0,2,1,0,1,1,1,1,1,1,0,0,0,4,0,0,0,0,0,0,2,0,1,0,0,0,0,0,0,0,0,0,0,0,1,2,0,1,5,1,1,1,1,1,1,1,2,1,1,3,2,3,98,4,3,2,0,2,1,3,4,4,4,0,1,1,0,0,0,0,0,0,0,3,4,1,66,-2,100,5,1,0,0,0,0,8,0,0,0,0,0,0,0,1,0,2,0,5,8,1,5,1,1,2,9,2,0,4,8,0,0,0,0,2,1,0.28224401838207697
88,8519,2,3,5,5,5,78,4,4,1,4,1,2,1,3,1,1,46,4,3,3,3,3,4,4,1,1,1,5,4,4,1,4,4,4,4,5,4,5,4,6,6,1,0,5,1,4,6,4,3,3,1,3,2,1,1,1,0.7120000000000001,3,3,2,1,1,2,3,2,1,1,1,1,1,1,1,0,1,1,1,1,2,1,0,4,1,5,1,0,0,1,0,1,0,0,0,0,0,0,1,0,0,2,2,0,1,1,0,1,1,1,1,1,1,0,0,0,4,1,1,1,0,1,0,2,1,0,0,0,0,0,0,0,0,0,0,0,0,1,3,-2,1,4,0,0,0,0,0,0,0,1,1,0,3,1,1,80,3,4,2,0,2,2,3,3,3,3,0,1,0,0,0,0,0,0,0,0,5,3,0,-2,-2,76,5,1,0,0,0,0,2,0,1,0,0,0,0,0,0,0,-2,0,5,6,2,4,1,1,2,8,1,1,2,3,0,0,0,0,2,1,0.604178082510975
89,7225,1,3,3,5,6,66,5,4,1,4,1,2,5,5,1,2,59,4,5,4,4,3,5,5,4,3,3,4,4,4,1,3,4,5,3,5,5,5,5,6,6,1,1,4,2,5,4,3,4,3,1,3,2,1,1,1,0.242,2,3,2,1,2,2,4,2,1,0,1,1,1,0,1,1,1,1,1,2,2,7,0,-2,-2,7,1,1,1,1,0,1,1,0,0,0,0,0,0,0,1,2,2,0,2,1,0,1,1,1,1,1,1,0,0,0,4,1,1,0,0,1,1,2,0,1,0,0,0,0,0,0,0,0,0,0,0,1,3,-2,1,4,0,1,0,0,0,0,1,2,0,1,2,2,2,75,5,5,2,0,3,2,3,4,3,3,0,0,0,0,0,0,0,1,0,0,5,2,-2,-2,67,100,5,0,0,1,0,0,3,0,0,1,0,0,0,0,0,0,-2,0,5,3,3,4,1,2,3,9,1,0,3,5,0,0,1,0,2,0,2.5879328761795404
90,9916,1,3,7,6,6,62,4,3,2,4,2,2,2,4,2,2,46,4,4,3,3,2,3,3,3,3,2,4,5,3,-1,3,3,2,2,5,4,5,4,5,4,7,7,1,1,3,5,2,4,3,1,3,2,1,1,1,0.7120000000000001,2,3,2,1,1,2,4,2,1,0,1,1,1,1,1,1,1,1,1,1,2,1,0,98,99,99,1,1,1,0,1,0,0,0,0,0,0,0,0,0,1,2,1,0,2,1,0,1,1,1,1,1,1,0,0,0,4,1,0,1,0,0,0,2,1,0,0,0,0,0,0,0,0,0,0,0,0,1,1,0,-1,4,0,0,0,0,0,1,0,2,1,1,2,2,2,50,4,3,1,0,2,3,2,3,4,4,0,1,0,0,0,0,0,0,0,0,6,4,1,65,-2,90,4,1,0,0,0,0,8,0,0,0,0,0,0,0,1,0,2,0,5,7,1,4,1,1,3,4,1,1,3,5,0,0,0,1,2,0,0.6372690853686309
91,11225,1,3,6,6,6,62,4,3,2,4,2,3,2,4,1,2,56,5,4,3,3,3,4,4,4,4,3,5,4,4,1,5,4,4,2,5,4,5,5,6,6,1,1,5,3,4,4,2,4,3,1,3,2,1,1,1,0.242,3,3,2,1,2,2,4,1,1,1,1,1,1,0,1,1,0,1,1,1,2,6,0,2,2,7,1,1,1,1,0,1,0,0,0,0,0,0,0,0,1,1,1,0,2,1,0,1,1,1,1,1,1,0,0,0,4,1,1,1,1,1,0,2,1,0,0,0,0,0,1,0,1,0,0,0,0,0,3,-2,1,4,0,1,0,1,1,0,0,2,1,1,2,2,2,90,2,4,2,0,5,2,3,3,5,5,1,1,0,0,0,0,1,0,0,0,2,4,-2,-2,68,40,5,0,1,1,0,0,2,0,1,0,0,0,0,0,0,0,-2,0,5,2,4,5,1,2,4,9,1,1,2,4,0,1,1,0,2,0,0.9447910463465291
92,10131,1,3,6,5,4,47,3,3,3,3,4,3,3,3,3,3,42,3,3,4,2,2,3,4,4,3,3,4,3,3,0,4,3,3,2,3,2,2,4,4,6,7,7,3,1,4,2,3,3,3,1,3,2,1,1,1,0.242,3,3,2,1,2,2,3,2,1,1,1,1,1,0,1,0,1,1,1,1,2,99,0,2,99,-1,0,0,1,0,0,0,0,0,0,0,0,0,0,0,1,3,1,0,2,2,0,1,1,1,1,1,1,0,0,0,3,1,1,0,1,1,0,1,0,0,0,0,0,0,0,0,0,0,0,0,0,1,2,0,1,2,0,1,0,1,0,1,1,2,1,1,2,3,2,50,4,5,2,0,2,2,3,3,4,3,0,1,0,0,0,0,0,0,0,0,6,3,-2,-2,62,100,2,1,0,0,0,0,3,0,0,1,0,0,0,0,0,0,-2,0,5,5,2,2,1,1,2,5,1,1,3,5,0,0,0,0,2,1,1.8539974182684198
93,9435,2,3,7,6,5,72,4,4,1,4,2,3,1,5,1,2,64,4,5,4,4,4,5,5,5,5,3,5,5,5,0,3,4,5,4,5,5,5,5,5,6,7,7,5,2,3,1,2,4,3,1,3,2,1,1,1,0.7120000000000001,3,3,2,1,1,2,2,2,1,1,1,1,1,1,1,0,1,1,1,1,2,99,0,1,99,7,1,0,1,0,0,0,0,0,0,0,0,1,0,0,0,2,3,0,2,1,0,1,1,1,1,1,1,0,0,0,4,1,1,0,0,0,0,2,1,0,0,0,0,0,0,0,0,0,0,0,0,1,1,0,1,2,0,1,0,1,1,0,1,2,0,1,3,4,3,100,3,5,1,0,2,1,4,3,5,2,0,1,0,0,0,0,1,0,0,0,2,4,1,62,-2,100,3,1,0,0,0,0,8,0,0,0,0,0,0,0,1,0,1,0,5,7,1,2,1,2,2,3,1,0,2,3,0,0,0,0,2,1,0.658213625678349
94,8715,1,3,6,6,6,50,3,2,4,3,2,2,2,5,4,4,41,3,2,2,3,2,4,4,2,2,2,5,4,2,1,4,4,4,3,5,5,5,5,6,6,7,0,4,2,2,5,5,2,3,1,3,2,1,1,1,0.242,3,3,2,1,1,2,3,1,1,1,1,1,1,1,1,0,0,1,1,3,5,99,0,-2,-2,5,1,0,0,0,0,1,0,0,0,0,0,0,1,0,0,2,2,0,3,1,0,1,1,1,1,1,1,0,0,0,3,1,0,0,1,1,1,1,1,1,0,0,0,0,0,0,0,0,0,0,0,1,1,0,2,3,0,1,0,0,1,0,0,2,0,1,1,4,2,60,3,5,2,0,4,1,2,3,5,3,0,0,0,0,0,0,0,0,0,1,5,4,-2,-2,66,40,5,1,0,0,0,0,2,0,1,0,0,0,0,0,0,0,-2,0,5,4,3,5,4,1,3,9,4,1,3,5,0,0,0,0,3,0,0.88786060698818
95,11226,2,2,6,7,6,77,4,4,1,4,2,2,1,5,1,1,57,4,4,4,4,4,4,4,4,4,2,6,5,4,1,5,5,5,4,5,5,5,5,5,6,0,0,5,3,6,6,2,4,3,1,3,2,1,1,1,0.7120000000000001,3,3,2,2,1,2,4,2,1,1,1,1,0,1,1,1,1,1,1,1,2,1,0,2,-1,99,1,1,1,1,0,0,0,0,0,0,0,0,0,0,1,1,1,0,1,1,0,1,1,1,1,1,1,0,0,0,4,0,0,0,0,0,0,2,0,0,0,0,0,0,0,0,0,0,0,0,0,1,3,-2,1,1,0,1,1,1,1,0,0,2,1,1,3,4,2,100,4,1,2,0,2,1,3,3,3,3,0,1,0,0,0,0,0,0,0,0,6,4,1,64,-2,-2,2,1,0,0,0,0,8,0,0,0,0,0,0,0,1,0,2,0,5,8,1,2,1,1,2,2,1,0,1,2,0,0,0,0,2,0,1.07073369694541
96,13232,2,3,6,6,4,67,4,4,3,4,2,3,1,5,1,2,62,5,5,4,4,3,4,5,4,3,2,5,5,5,1,2,4,3,3,5,5,4,5,6,6,1,1,5,2,6,6,1,4,2,1,3,1,1,1,0,0.7120000000000001,3,3,2,1,1,2,4,1,1,1,1,1,1,1,1,1,0,1,1,1,2,1,0,2,1,6,1,1,1,1,0,1,0,0,0,0,0,0,0,0,1,1,1,0,2,1,0,1,1,1,1,1,1,0,0,0,4,1,1,1,1,1,0,2,0,1,0,0,0,1,0,0,0,0,0,0,0,0,3,-2,1,2,1,1,1,1,1,1,1,2,1,1,3,2,2,100,4,4,2,0,3,1,3,3,1,3,0,1,0,0,0,0,0,1,0,0,6,3,1,62,-2,50,4,1,0,0,0,0,8,0,0,0,0,0,0,0,1,0,2,0,5,6,2,4,1,1,2,8,1,1,3,7,0,0,0,0,2,0,0.646888631698657
97,11925,1,3,5,4,5,40,2,2,4,1,2,4,3,2,4,5,32,2,3,2,2,1,3,2,5,2,4,2,3,2,1,1,1,1,1,3,3,1,2,1,6,7,7,3,3,6,6,4,2,3,1,3,2,1,1,1,0.242,2,3,2,1,1,2,4,4,1,0,1,1,1,1,1,1,0,1,2,1,2,5,0,3,2,98,0,0,1,1,0,0,0,1,0,0,0,0,0,0,1,2,1,0,2,1,0,1,1,1,1,1,1,1,0,0,2,1,0,0,0,1,1,2,1,0,0,0,0,0,0,0,0,0,0,0,0,1,1,0,2,3,0,1,0,0,0,0,0,2,1,1,1,1,1,85,4,1,1,0,4,2,3,2,4,4,0,1,0,0,0,0,0,0,0,0,3,3,-2,-2,65,87,5,0,0,0,0,2,2,0,1,0,0,0,0,0,0,0,-2,0,5,4,3,5,1,2,3,8,1,0,1,1,0,0,0,0,3,0,0.995635521177333
98,8310,1,3,6,5,5,61,4,1,3,4,2,4,1,5,1,3,48,4,1,1,3,1,5,5,4,2,3,4,5,4,0,2,3,4,2,5,4,5,5,4,6,0,0,3,2,6,4,5,4,2,1,1,2,1,0,1,-0.188,3,3,2,1,1,2,3,1,1,1,1,1,1,1,1,0,0,1,1,1,2,5,0,2,2,6,0,0,1,0,0,0,0,0,0,0,0,0,0,0,1,1,1,0,2,2,0,1,1,1,1,1,1,0,0,0,4,1,1,0,0,1,1,1,1,0,0,0,0,0,0,0,0,0,0,1,0,0,2,0,1,5,0,0,0,1,1,0,0,1,1,0,3,4,4,90,5,5,2,0,4,1,3,4,3,4,0,0,0,0,0,0,0,0,0,1,3,3,-2,-2,70,90,5,0,1,0,0,0,1,1,0,0,0,0,0,0,0,0,-2,0,5,3,4,5,1,2,3,8,1,1,3,7,1,0,0,0,2,0,1.01586300296498
99,11831,1,3,7,7,7,59,3,4,2,4,2,3,2,4,2,2,59,4,4,4,4,4,5,5,4,2,3,5,4,4,1,5,5,5,4,4,4,3,4,3,6,7,7,4,2,4,4,5,4,1,1,1,1,1,0,0,-0.57,2,3,2,1,1,2,1,4,1,0,1,1,1,1,1,0,0,1,1,2,2,4,1,-2,-2,99,1,0,1,0,0,0,0,0,0,0,0,0,0,0,1,1,2,0,1,2,0,1,1,1,1,1,1,8,0,0,8,1,0,0,0,0,8,2,-1,1,0,0,0,0,0,0,0,0,0,0,0,1,2,0,1,2,1,1,0,1,1,1,0,-1,0,0,3,3,3,50,4,4,1,0,4,2,4,4,3,4,0,1,0,0,0,0,0,0,0,0,5,4,-2,-2,61,100,2,0,1,0,0,0,99,0,0,0,0,0,0,0,0,1,-2,0,5,2,4,2,1,2,2,6,1,1,4,9,0,0,0,0,2,0,1.1525452963095502
100,9436,1,3,1,3,5,16,1,2,5,1,5,5,5,1,5,5,39,3,2,2,2,2,3,2,5,5,4,4,4,3,1,3,3,3,3,4,1,1,2,1,5,0,0,3,4,3,4,3,2,3,1,3,2,1,1,1,0.242,2,3,2,1,1,2,3,2,1,0,1,1,1,1,1,0,1,1,3,2,1,6,0,-2,-2,1,1,0,1,0,0,0,0,0,0,0,0,0,0,0,1,3,1,0,1,1,0,2,1,2,2,1,1,1,1,0,2,1,1,0,0,1,0,4,0,1,0,0,0,0,0,0,0,0,0,0,0,1,3,-2,1,3,1,1,1,1,1,0,0,2,1,1,3,3,3,80,3,1,1,0,5,2,3,3,3,3,0,0,0,0,0,0,0,0,0,1,5,4,-2,-2,65,85,3,0,0,0,1,0,2,0,1,0,0,0,0,0,0,0,-2,0,5,4,2,3,1,1,2,4,3,1,1,1,0,0,0,1,1,0,0.600580774091641
101,12015,1,3,6,5,2,66,4,3,2,4,1,2,2,4,1,2,47,4,3,3,3,3,4,4,3,3,3,5,5,4,1,4,3,4,3,5,5,5,5,6,5,0,1,4,2,2,5,5,4,3,1,3,2,1,1,1,0.7120000000000001,3,3,2,1,1,2,4,3,1,1,1,1,1,1,1,1,0,1,1,1,1,1,0,1,1,6,1,1,1,1,1,0,0,0,0,0,0,0,0,0,1,2,1,0,1,1,0,1,1,1,1,1,1,0,0,0,4,0,0,0,0,0,0,1,1,0,0,0,0,0,0,0,0,0,0,0,0,1,3,-2,1,2,0,1,1,1,1,1,0,1,1,0,3,4,4,90,3,5,2,0,2,2,3,3,3,3,0,0,0,0,0,0,0,0,0,1,6,4,1,65,-2,90,3,1,0,0,0,0,8,0,0,0,0,0,0,0,1,0,2,1,2,6,2,3,1,1,1,5,3,1,4,8,0,0,0,0,1,0,0.4746316655805471
102,12780,2,3,6,6,7,57,3,3,2,3,4,3,2,5,3,2,44,3,4,2,3,2,3,3,4,4,2,4,4,3,1,3,4,4,4,4,4,4,2,4,6,1,1,4,3,4,5,3,3,3,1,3,2,1,1,1,0.7120000000000001,3,3,2,1,1,2,4,1,1,1,1,1,1,1,1,1,0,1,1,1,2,7,0,4,3,5,1,1,1,1,0,0,0,0,0,0,0,0,0,0,1,3,1,0,2,2,0,1,1,1,1,1,1,0,0,0,4,1,1,0,0,1,1,2,0,0,0,0,0,1,0,0,0,0,0,0,1,0,2,0,1,5,1,1,0,0,1,0,1,2,1,1,2,3,2,85,3,5,2,1,3,2,2,3,4,5,0,0,0,0,0,0,0,1,0,0,3,4,0,-2,-2,50,5,1,0,0,0,0,2,0,1,0,0,0,0,0,0,0,-2,0,5,6,2,5,1,1,2,9,1,1,2,4,0,0,0,0,2,0,0.44650487015636803
103,8950,1,3,6,5,6,58,3,4,2,4,2,3,2,5,2,3,67,5,5,5,4,4,5,5,4,3,2,7,5,4,1,5,5,5,5,5,5,4,5,5,6,1,0,5,3,3,5,1,4,3,1,3,2,1,1,1,0.7120000000000001,3,3,2,1,1,2,3,2,1,1,1,1,1,1,1,0,1,1,1,1,2,2,0,3,2,5,1,1,1,1,1,1,0,1,0,0,0,0,0,0,1,2,2,0,1,1,0,1,1,1,1,1,1,0,0,0,4,1,1,1,1,1,1,2,1,0,0,0,0,0,0,0,0,0,0,0,0,1,3,-2,1,5,1,1,0,1,1,0,1,2,1,1,2,3,2,90,5,3,2,0,3,1,3,3,2,4,1,0,0,0,0,0,0,1,0,0,7,4,-2,-2,66,80,5,-1,0,0,0,0,2,0,1,0,0,0,0,0,0,0,-2,0,5,5,2,5,1,1,2,6,1,0,1,1,0,0,0,0,2,0,0.641719487850531
104,11227,2,2,7,7,6,64,1,1,1,4,3,1,2,2,1,1,82,5,5,5,5,5,5,5,5,5,2,6,5,4,1,3,4,4,4,5,5,5,4,5,6,0,1,4,3,5,5,1,4,3,1,3,2,1,1,1,0.7120000000000001,3,3,2,1,1,2,4,3,1,1,1,1,1,1,1,1,0,1,3,2,1,2,0,-2,-2,3,1,0,1,0,0,0,0,0,0,0,0,0,0,0,1,3,1,0,1,1,0,1,3,1,1,3,1,0,0,0,1,0,0,0,0,0,1,2,1,0,0,0,0,1,0,0,0,0,0,0,0,0,3,-2,1,3,1,1,0,1,0,0,0,2,1,1,1,2,1,80,2,3,2,0,2,1,4,3,5,1,0,0,0,0,0,0,0,0,0,1,5,4,1,66,-2,100,3,1,0,0,0,0,8,0,0,0,0,0,1,0,1,0,1,0,5,6,2,3,1,2,1,1,3,1,3,6,0,0,0,0,1,0,0.844247831173208
105,9437,1,3,7,6,6,63,4,4,2,4,2,3,1,4,1,3,52,4,4,3,3,3,4,4,4,4,3,5,5,4,1,4,4,4,3,5,5,5,4,5,5,1,7,2,4,5,4,2,3,3,1,3,2,1,1,1,0.7120000000000001,3,3,2,1,1,2,3,2,1,1,1,1,1,1,1,0,1,1,1,1,2,6,0,4,3,5,1,1,1,1,1,0,1,0,0,0,0,0,0,0,1,2,2,0,2,1,0,1,1,1,1,1,1,0,0,0,4,1,1,1,0,1,1,2,1,1,0,0,0,0,0,0,0,0,1,0,0,0,2,0,1,5,1,1,0,1,1,1,1,2,1,1,3,3,2,80,3,5,1,0,4,1,2,4,4,5,0,1,0,0,1,0,0,1,0,0,5,4,-2,-2,65,75,5,0,0,1,2,0,2,0,1,0,0,0,0,0,0,0,-2,0,5,4,3,5,1,2,5,9,1,1,4,9,0,0,1,1,2,0,1.41914649967807
106,10554,1,3,7,-1,-1,55,4,4,2,4,4,3,3,3,1,2,49,4,3,3,3,3,4,4,3,3,3,5,4,4,1,4,4,4,4,5,4,2,5,4,6,1,0,4,2,5,5,5,4,3,1,3,2,1,1,1,0.242,3,3,2,1,1,2,3,1,1,1,1,1,1,1,1,0,0,1,2,1,2,1,0,1,1,5,1,1,1,1,0,1,0,0,0,0,0,0,0,0,1,1,1,0,1,1,0,1,1,1,1,1,1,0,0,0,4,1,1,0,0,1,0,1,1,-1,0,0,0,1,0,0,0,0,0,0,0,0,2,0,1,5,0,1,1,1,1,0,1,2,1,1,2,2,2,98,4,5,2,0,4,2,3,3,4,5,0,1,0,0,0,0,1,1,0,0,3,4,-2,-2,66,90,3,1,0,0,0,0,2,0,1,0,0,0,0,0,0,0,-2,0,5,5,2,3,1,1,2,7,1,1,2,3,0,0,0,0,2,0,0.740365495223282
107,10132,1,3,6,6,1,66,4,4,2,4,2,1,2,3,1,1,46,3,4,3,3,4,3,3,4,4,3,5,3,3,1,4,3,4,3,5,4,4,5,4,5,1,1,4,4,1,1,5,3,2,1,2,2,1,0,1,-1.215,3,3,3,2,2,2,2,1,1,1,1,0,0,0,1,0,0,1,1,1,2,5,0,2,2,6,1,1,1,0,0,0,0,1,0,0,0,0,0,0,1,1,2,0,2,1,0,1,1,1,1,1,1,0,0,0,4,1,1,1,1,1,0,4,1,0,0,0,0,0,0,0,0,0,0,0,0,1,1,0,1,2,0,0,0,0,1,0,0,1,0,0,4,4,2,0,4,3,2,0,3,1,2,4,2,3,0,1,0,0,0,0,0,0,0,0,5,4,-2,-2,62,100,5,0,0,0,0,1,2,0,1,0,0,0,0,0,0,0,-2,0,5,4,2,2,4,2,2,7,1,1,3,7,0,0,0,0,2,0,1.5162784156570401
108,11083,1,1,3,4,3,38,1,2,4,2,5,3,4,1,3,4,40,3,3,3,3,2,3,2,4,3,3,5,-1,4,0,4,5,4,3,4,3,1,5,1,6,7,7,5,2,1,4,3,2,1,1,1,1,1,0,0,-0.909,1,3,2,1,1,2,3,1,2,0,1,1,1,1,1,0,0,0,3,2,4,3,0,-2,-2,1,0,0,1,0,0,0,0,0,0,0,0,1,0,0,0,2,2,0,3,2,0,2,3,1,1,1,1,1,1,0,1,0,0,0,0,0,1,2,0,0,0,0,0,0,0,0,0,0,0,0,0,1,3,-2,1,1,0,1,0,1,1,1,0,2,1,1,4,3,2,50,2,2,1,0,3,1,2,3,4,3,0,0,0,0,0,0,0,0,0,1,6,3,1,-3,-2,60,1,1,0,0,0,0,6,0,0,0,0,0,1,0,1,0,2,0,5,6,2,1,1,2,5,2,2,1,4,9,0,0,0,1,4,1,1.1167877932472
109,7380,1,3,6,6,5,70,5,5,2,4,2,1,1,5,1,2,56,5,3,4,4,4,3,4,3,3,2,6,5,4,1,5,4,4,4,5,4,5,5,6,6,1,1,4,4,5,6,5,4,3,1,3,2,1,1,1,1.2670000000000001,3,3,2,1,1,2,4,2,1,1,1,1,1,1,1,1,1,1,1,1,2,5,0,3,2,5,1,1,1,1,1,1,1,1,0,0,0,0,0,0,1,2,1,0,1,2,0,1,1,1,1,1,1,0,0,0,4,1,1,0,1,1,1,1,1,1,0,0,0,0,0,0,0,0,0,0,0,1,3,-2,1,5,1,1,0,1,1,0,0,2,1,1,3,2,2,80,3,5,2,0,3,2,3,4,2,4,1,1,0,1,1,0,1,1,0,0,3,4,-2,-2,62,45,5,0,2,0,0,0,2,0,1,0,0,0,0,0,0,0,-2,0,5,2,4,5,1,1,4,8,1,1,3,7,0,1,0,0,2,0,0.5631582313540141
110,8520,1,3,5,5,5,38,1,2,4,2,2,4,4,1,4,4,25,2,3,2,1,1,3,1,2,2,4,3,2,2,0,4,4,4,4,2,2,1,3,2,5,0,0,4,3,4,2,4,2,2,1,2,2,1,0,1,-0.57,2,3,2,1,1,2,2,3,1,0,1,1,1,1,1,0,0,1,3,2,1,5,0,-2,-2,1,0,0,0,0,0,0,0,0,1,0,0,1,0,0,0,3,1,0,3,3,1,3,3,3,3,3,2,1,0,1,1,0,0,0,0,0,8,4,1,1,1,1,0,1,0,0,0,0,0,1,1,0,1,1,1,4,1,1,1,1,1,1,1,2,1,1,4,4,3,50,2,4,1,0,4,2,3,3,2,2,0,0,1,0,0,1,0,0,1,0,3,2,-2,-2,65,50,4,0,2,0,0,0,3,0,0,1,0,0,0,0,0,0,-2,0,5,2,4,2,1,2,4,7,1,1,3,5,0,0,0,0,4,0,1.8623715389573101
111,12752,1,1,5,6,7,55,2,3,3,4,3,3,1,2,3,2,58,4,4,5,3,4,5,5,4,3,2,6,3,5,1,4,5,5,4,5,4,1,4,5,6,0,0,5,1,6,4,7,3,1,1,1,1,1,0,0,-1.485,3,1,1,2,2,2,2,1,1,1,0,0,0,0,1,0,0,1,2,2,4,3,1,-2,-2,98,0,0,1,0,0,0,0,0,0,0,0,1,0,0,0,3,1,0,3,3,8,1,2,1,1,2,1,0,0,0,2,1,1,1,0,0,0,3,1,0,0,0,0,0,0,0,0,0,1,0,0,0,2,0,1,2,0,1,0,1,1,1,0,2,0,1,2,2,3,100,2,3,1,0,4,2,3,3,3,4,1,0,0,1,0,0,0,0,0,0,7,3,-2,-2,61,100,2,1,0,0,0,0,1,1,0,0,0,0,0,0,0,0,-2,0,5,1,4,1,2,2,4,1,4,1,2,3,0,0,0,1,2,1,1.2030196534674098
112,10760,1,3,6,5,1,64,4,2,2,4,2,3,2,5,1,2,51,4,4,3,3,4,4,4,4,3,3,4,4,4,0,2,3,3,3,5,4,5,5,4,5,0,0,3,2,2,5,3,3,3,1,3,2,1,1,1,0.242,2,3,2,1,1,2,4,4,1,0,1,1,1,1,1,1,0,1,1,1,2,3,0,2,2,6,1,1,1,1,1,0,0,0,0,0,0,0,0,0,1,1,2,0,2,1,0,1,1,1,1,1,1,0,0,0,4,1,0,1,0,0,0,1,0,0,0,0,0,0,0,0,0,0,0,0,0,1,1,0,1,2,0,1,0,0,1,1,1,2,1,1,3,2,2,95,3,3,2,0,2,1,3,2,2,1,0,1,0,0,0,0,0,0,0,0,2,4,1,62,-2,65,3,-1,0,0,0,0,8,0,0,0,0,0,0,0,1,0,2,0,5,7,1,3,1,2,2,6,1,0,3,5,0,0,0,0,2,1,0.509250504075048
113,12235,1,3,5,6,5,55,3,3,2,4,2,3,3,4,2,3,49,3,3,3,4,3,4,4,4,3,3,5,4,4,1,4,4,5,5,5,4,5,5,6,6,1,1,5,3,1,4,2,4,3,1,3,2,1,1,1,-0.188,3,3,1,1,1,2,3,1,1,1,1,0,1,1,1,0,0,1,1,1,2,6,0,3,3,4,1,0,1,0,0,1,0,0,0,0,0,0,0,0,1,2,1,0,2,1,0,1,1,1,1,1,1,0,0,0,4,1,1,1,1,1,0,2,1,0,0,0,0,0,0,0,0,0,0,0,0,1,3,-2,1,5,1,0,0,0,0,1,1,1,1,0,1,4,2,4,4,4,2,0,2,1,4,4,1,4,1,0,0,0,0,0,0,0,0,0,3,4,-2,-2,67,90,5,1,0,0,0,0,2,0,1,0,0,0,0,0,0,0,-2,0,5,2,4,5,1,2,1,8,1,1,4,9,0,0,0,0,1,0,0.677154338829989
114,9438,2,3,7,6,6,70,4,4,2,4,2,2,1,5,1,2,57,4,4,4,4,4,4,4,5,2,2,6,5,4,0,4,4,4,4,5,5,5,5,5,5,0,1,4,2,4,6,5,4,3,1,3,2,1,1,1,-0.188,2,3,2,1,1,2,3,4,1,0,1,1,1,1,1,0,0,1,1,1,2,5,0,3,3,5,1,1,1,1,1,1,0,0,0,0,0,0,0,0,1,3,2,0,2,2,0,1,1,1,1,1,1,0,0,0,4,1,1,1,0,0,0,2,0,1,0,0,0,1,0,0,0,0,0,0,0,0,3,-2,1,3,0,1,1,1,1,1,0,3,1,0,1,2,1,85,4,4,1,0,3,2,4,4,4,3,0,1,0,0,0,0,0,0,0,0,5,4,1,64,-2,90,3,1,0,0,0,0,8,1,0,0,0,0,0,0,1,0,2,0,5,7,1,3,1,1,2,8,1,1,1,2,0,0,0,0,2,0,0.636926240525349
115,7316,1,3,7,7,7,62,5,5,2,5,2,2,2,5,2,2,70,5,5,5,5,5,5,5,1,1,1,5,5,5,1,5,5,5,5,5,5,5,5,6,6,7,1,5,5,2,6,5,4,2,1,3,1,1,1,0,-1.215,2,3,1,2,1,2,3,3,2,0,1,0,0,1,1,0,0,0,1,3,3,4,0,-2,-2,5,1,0,0,0,0,0,0,0,0,0,0,0,0,0,1,1,1,0,1,1,0,1,1,1,1,1,1,0,0,0,4,1,1,1,1,1,0,2,0,1,0,0,0,0,0,0,0,0,0,0,0,1,3,-2,1,3,1,1,1,1,1,1,1,3,0,0,2,2,2,100,4,1,-1,0,3,2,4,4,5,5,1,1,0,0,0,0,0,0,0,0,5,3,-2,-2,69,50,3,1,0,0,0,0,2,0,1,0,0,0,0,0,0,0,-2,0,5,1,4,3,1,2,4,9,5,1,3,5,0,0,1,0,3,0,2.83348283675147
116,12354,1,3,5,5,5,52,2,3,3,3,3,3,2,2,2,3,44,3,4,2,3,3,4,2,4,4,3,4,4,3,1,4,4,4,2,4,4,2,5,1,6,0,0,3,2,1,5,5,3,3,1,3,2,1,1,1,0.7120000000000001,2,3,2,1,1,2,4,2,1,0,1,1,1,1,1,1,1,1,2,1,2,1,0,3,2,4,1,1,1,1,1,0,0,0,0,0,0,0,0,0,1,1,1,0,2,2,0,1,1,1,1,1,1,0,0,0,3,1,1,1,0,1,1,2,0,0,0,0,0,1,0,0,0,0,0,0,0,0,3,-2,1,2,0,1,1,0,1,0,1,2,1,1,2,3,2,100,4,2,2,0,2,1,4,3,3,4,0,1,0,0,0,0,1,1,0,0,6,4,-2,-2,68,82,2,0,0,0,2,0,3,0,0,1,0,0,0,0,0,0,-2,1,4,5,2,2,1,2,4,8,1,1,1,2,0,0,0,1,2,0,0.8026989962604091
117,12640,2,3,7,6,5,60,4,4,1,4,4,4,2,4,2,2,47,3,5,4,3,4,4,3,3,3,2,5,4,3,0,4,4,4,3,5,4,5,5,5,6,-1,1,3,4,1,4,5,3,2,1,2,2,1,0,1,0.7120000000000001,3,3,2,1,1,2,4,2,1,1,1,1,1,1,1,1,1,1,1,1,1,1,0,3,1,5,1,1,0,0,0,1,0,0,0,0,0,0,0,0,1,1,3,0,-1,1,0,1,1,1,1,1,1,0,0,0,4,1,1,0,0,0,0,1,1,0,0,0,0,0,0,0,0,0,0,0,1,0,3,-2,1,2,0,1,1,1,1,0,0,2,1,1,3,4,3,90,4,2,2,0,2,2,2,3,1,2,0,0,0,0,1,0,0,1,0,0,7,4,1,62,-2,-2,2,0,0,0,0,1,8,0,0,0,0,0,0,0,1,0,2,0,5,8,1,2,1,1,1,3,2,1,4,8,0,0,0,0,1,0,0.5991842293626629
118,8716,1,3,6,7,7,53,4,4,4,4,2,5,2,3,1,3,66,5,5,4,4,3,5,5,4,4,2,6,5,4,1,5,5,4,5,5,5,5,5,6,6,1,0,4,2,5,6,5,4,3,1,3,2,1,1,1,1.2670000000000001,3,3,2,1,1,2,4,2,1,1,1,1,1,1,1,1,1,1,1,1,2,7,0,3,3,5,1,1,1,1,0,0,0,0,0,0,0,0,0,0,1,2,2,0,1,1,0,1,1,1,1,1,1,0,0,0,4,1,1,0,0,1,1,2,1,0,0,0,0,0,1,0,0,0,0,0,0,0,2,0,1,3,0,1,0,1,0,1,1,2,1,1,1,2,1,90,5,1,2,0,3,1,4,4,5,5,0,1,0,0,0,0,1,0,1,0,5,4,-2,-2,70,99,5,1,0,0,0,0,2,0,1,0,0,0,0,0,0,0,-2,0,5,4,3,5,1,1,3,9,1,1,4,8,0,0,0,0,3,0,0.7192502774044721
119,12299,1,3,7,7,7,78,5,5,1,5,4,3,1,5,1,1,69,5,4,5,4,5,5,5,5,3,2,7,5,5,1,4,4,5,5,5,5,5,5,6,5,0,0,5,3,5,6,6,4,3,1,3,2,1,1,1,-0.57,3,2,2,2,1,2,3,4,1,1,0,1,0,1,1,0,0,1,1,1,2,98,0,4,99,99,1,1,1,0,1,1,0,0,0,0,0,0,0,1,0,2,2,0,2,2,0,1,1,1,1,1,1,0,0,0,4,1,1,1,1,1,0,2,1,0,0,0,0,0,0,0,0,0,0,0,1,0,2,0,1,3,0,1,1,1,1,1,1,2,0,1,3,5,3,100,4,4,2,0,3,1,4,4,5,5,0,1,0,0,0,0,0,1,0,0,6,4,1,62,-2,-2,5,-1,0,0,0,0,8,0,0,0,0,0,0,0,1,0,2,1,2,8,1,3,4,1,1,7,1,1,3,7,0,0,0,0,1,0,0.24419549270295002
120,8311,1,3,6,6,7,70,4,4,1,5,2,3,1,5,1,2,69,5,4,5,5,4,4,5,4,4,1,6,5,5,1,3,3,5,4,5,5,5,3,5,3,1,1,5,3,2,6,2,4,3,1,3,2,1,1,1,1.2670000000000001,3,3,2,1,1,2,4,2,1,1,1,1,1,1,1,1,1,1,1,3,3,1,0,-2,-2,4,1,0,0,0,0,1,1,0,0,0,0,0,0,0,1,3,2,0,2,1,0,1,1,1,1,1,1,0,0,0,4,1,1,0,0,1,0,2,1,0,0,0,0,1,0,0,0,0,0,0,0,0,1,0,1,4,1,1,0,1,1,1,1,2,1,1,3,4,4,75,4,3,2,0,2,1,3,4,5,4,1,0,0,1,1,0,0,1,0,0,5,4,-2,-2,64,80,5,1,0,0,0,0,2,0,1,0,0,0,0,0,0,0,-2,0,5,2,4,5,1,1,3,9,4,1,4,9,0,0,0,0,3,0,0.694742310796871
121,13637,1,1,6,5,6,41,1,2,3,3,4,4,4,2,3,4,41,3,2,2,3,3,3,3,4,2,2,3,4,3,1,4,4,4,2,5,4,1,5,5,6,7,0,3,4,3,2,2,2,3,1,3,2,1,1,1,-0.57,2,3,1,2,1,2,3,2,1,0,1,0,0,1,1,0,1,1,3,2,2,3,1,-2,-2,2,1,0,0,0,0,0,0,0,0,0,0,1,0,0,0,3,1,0,3,2,1,3,3,1,3,2,1,0,0,0,1,0,0,0,0,0,0,1,1,1,1,1,0,0,0,0,0,0,0,0,0,0,2,1,1,4,1,1,1,1,1,1,1,2,0,1,2,2,4,70,2,1,1,0,4,2,2,2,3,4,0,1,1,0,1,0,0,0,0,0,3,3,-2,-2,70,70,3,1,0,0,0,0,7,0,0,0,0,0,0,1,0,0,-2,0,5,1,4,3,3,2,3,1,5,1,2,4,0,0,0,0,3,1,0.9575629635506469
122,8951,1,2,7,7,7,59,3,3,2,3,3,3,2,4,2,1,70,5,5,5,5,5,5,5,1,1,1,7,5,4,1,5,5,5,3,4,4,1,2,3,6,0,0,5,1,1,4,1,4,2,3,3,2,0,1,1,-0.57,3,3,1,2,1,2,4,3,2,1,1,0,0,1,1,1,0,0,1,2,1,3,0,-2,-2,2,0,0,1,0,0,0,0,0,0,0,0,0,0,1,0,1,2,0,1,1,0,1,1,1,1,1,1,1,1,0,4,0,0,0,0,0,0,2,1,0,0,0,0,0,0,1,0,0,0,0,0,0,3,-2,1,3,0,0,0,0,0,0,0,1,1,0,3,3,3,100,5,1,2,0,1,1,3,4,4,5,0,0,0,0,0,0,0,0,0,1,1,4,-2,-2,65,100,3,1,0,0,0,0,2,0,1,0,0,0,0,0,0,0,-2,0,5,4,3,3,2,2,2,1,3,1,3,6,0,0,0,0,2,1,1.57782250636267
123,9185,1,2,5,4,4,47,2,3,2,3,4,4,3,2,4,3,41,3,3,3,3,2,3,3,3,3,2,4,3,3,1,4,3,3,3,4,4,4,4,3,5,0,0,4,3,3,4,5,2,1,1,1,1,1,0,0,-0.909,2,2,2,2,1,2,2,2,1,0,0,1,0,1,1,0,1,1,2,2,2,3,1,-2,-2,98,0,1,0,0,0,0,0,0,0,0,0,1,0,0,0,3,2,1,2,1,0,2,2,1,2,3,2,0,0,1,2,1,0,0,0,0,0,2,1,0,0,0,0,1,1,0,0,0,0,0,1,0,2,0,-1,2,1,1,1,1,1,1,0,2,0,1,2,3,2,40,2,3,1,0,3,2,2,3,4,3,0,1,0,0,0,0,0,0,0,0,3,3,1,-3,-2,2,2,0,0,0,0,2,6,0,0,0,0,0,1,0,0,0,-2,0,5,6,2,2,1,1,3,3,1,1,3,7,0,0,0,0,3,1,1.1462048937674099
124,13478,1,3,6,7,7,60,4,5,3,4,2,2,2,5,2,4,60,4,4,4,4,4,4,4,5,5,2,6,5,4,1,5,5,5,5,5,5,5,5,5,6,7,1,5,4,6,5,6,4,2,1,3,1,1,1,0,-0.188,3,3,2,1,2,2,4,4,2,1,1,1,1,0,1,1,0,0,1,1,2,1,0,4,1,6,1,0,1,1,1,1,0,0,0,0,0,1,0,0,0,1,1,0,2,2,0,1,1,1,1,1,1,0,0,0,4,1,0,0,0,0,1,2,0,0,0,0,0,0,0,0,0,0,0,0,1,0,2,0,1,5,0,0,0,1,0,0,0,1,1,0,3,4,3,80,4,3,1,0,3,1,3,3,4,5,0,1,0,0,0,0,0,1,0,0,6,4,1,62,-2,-2,5,0,0,0,0,1,8,0,0,0,0,0,0,0,1,0,2,0,5,8,1,5,1,1,2,7,1,1,1,2,0,0,0,0,2,0,0.20720252940206896
125,9439,1,3,5,6,6,75,5,5,2,5,1,2,1,5,1,1,80,5,5,5,5,4,5,5,5,5,1,6,5,5,1,5,5,5,4,5,5,5,4,6,6,1,1,5,4,6,5,1,4,3,1,3,2,1,1,1,0.7120000000000001,2,3,2,1,1,2,4,2,1,0,1,1,1,1,1,1,1,1,1,2,2,5,0,-2,-2,5,1,1,1,1,0,1,0,0,0,0,0,0,0,0,1,1,2,0,2,1,0,1,1,1,1,1,1,0,0,0,4,1,1,0,0,1,1,2,1,-1,0,0,0,0,0,0,0,0,0,0,0,1,2,0,1,4,1,1,0,0,1,0,1,2,1,1,1,4,1,70,5,5,2,0,2,4,4,4,4,5,0,1,0,0,0,0,0,1,0,0,2,2,-2,-2,66,75,4,1,0,0,0,0,2,0,1,0,0,0,0,0,0,0,-2,0,5,1,4,4,1,1,2,8,1,1,1,2,0,0,0,0,2,0,0.9241486178420308
126,9917,2,3,6,6,4,57,4,3,3,4,2,3,2,4,2,3,49,4,1,4,4,2,4,4,4,2,3,3,4,3,0,3,3,3,3,4,4,4,3,5,5,7,1,4,2,3,5,2,3,3,1,3,2,1,1,1,0.242,2,3,3,1,1,2,4,2,1,0,1,0,1,1,1,1,1,1,1,1,2,1,0,4,1,5,1,1,1,0,1,0,0,0,0,0,0,0,0,0,1,3,1,0,2,1,0,1,1,1,1,1,1,0,0,0,4,1,0,1,0,0,0,2,1,0,0,0,0,1,1,0,0,0,0,0,0,0,2,0,1,2,1,1,1,1,1,1,0,2,0,1,2,4,2,100,2,4,2,0,4,3,3,3,1,1,0,0,0,0,0,0,0,0,0,1,1,3,0,-2,-2,90,3,0,0,0,1,0,6,0,0,0,0,0,1,0,1,0,1,1,2,6,2,2,1,1,3,7,1,1,4,9,0,0,0,1,2,0,0.744676413570694
127,8717,1,3,7,7,4,60,4,4,2,4,2,2,3,3,2,2,52,4,4,3,4,3,3,4,3,3,2,5,5,4,1,4,4,4,4,5,4,3,4,5,5,0,0,4,4,1,3,5,3,2,3,3,2,0,1,1,-0.188,3,3,2,1,1,1,2,4,1,1,1,1,1,1,0,0,0,1,1,1,2,1,0,4,1,5,1,1,1,1,0,0,0,0,0,0,0,0,0,0,1,1,1,0,2,1,0,1,1,1,1,1,1,0,0,0,4,1,1,1,0,0,0,1,-1,0,0,0,0,0,1,0,0,0,0,0,0,0,2,0,1,2,0,1,0,1,1,1,1,1,0,0,1,3,1,100,4,3,2,0,4,2,3,3,4,4,0,1,0,0,1,0,0,0,0,0,6,4,1,62,-2,100,4,1,0,0,0,0,8,0,0,0,0,0,0,0,1,0,2,0,5,7,1,2,1,2,2,6,1,1,1,1,0,0,0,0,2,0,0.600582319965818
128,9186,1,3,7,7,6,62,5,4,2,5,2,2,2,5,2,2,58,4,4,4,4,4,4,4,4,4,2,6,5,4,1,3,4,4,3,5,4,5,5,6,6,0,0,4,4,1,6,2,4,3,1,3,2,1,1,1,1.2670000000000001,3,3,2,1,1,2,4,2,1,1,1,1,1,1,1,1,1,1,1,1,2,5,0,2,2,5,1,1,1,1,0,0,1,0,0,0,0,0,0,0,1,1,2,0,2,1,0,1,1,1,1,1,1,0,0,0,4,1,0,0,0,1,1,3,1,0,0,0,0,0,0,0,0,0,0,0,0,1,2,1,1,4,1,1,0,1,1,1,1,2,1,1,2,3,2,85,5,4,2,0,2,1,4,4,4,5,0,0,0,0,1,0,1,1,0,0,2,4,-2,-2,70,95,5,0,0,0,0,1,2,0,1,0,0,0,0,0,0,0,-2,0,5,4,2,5,1,1,3,8,1,1,2,3,0,0,0,0,3,1,0.494482491223351
129,10761,1,3,6,6,4,64,4,4,2,5,4,1,2,5,1,3,54,4,3,3,3,4,5,5,4,3,2,5,5,4,1,5,4,4,3,5,5,5,5,5,6,0,1,4,2,4,6,2,4,3,1,3,2,1,1,1,0.242,3,3,1,1,1,2,4,1,1,1,1,0,1,1,1,1,0,1,1,1,1,1,0,1,1,7,0,0,1,1,1,1,0,0,0,0,0,0,0,0,1,1,3,0,1,1,0,1,1,1,1,1,1,0,0,0,4,0,0,1,0,0,0,2,1,1,0,0,0,0,0,0,0,0,0,0,1,0,3,-2,1,4,0,1,0,1,1,1,0,2,1,1,2,3,3,95,4,4,2,0,3,2,3,4,4,1,0,0,1,0,0,0,1,1,0,0,6,3,1,65,-2,100,5,1,0,0,0,0,8,0,0,0,0,0,0,0,1,0,2,0,5,7,1,5,1,2,1,3,2,0,4,8,0,0,0,0,1,0,0.5310097189273979
130,9689,2,3,4,1,1,19,1,1,5,4,5,5,5,1,5,5,68,5,5,5,4,2,5,5,5,5,4,6,5,4,1,5,4,4,4,4,3,1,4,2,6,7,7,3,3,3,3,4,1,2,1,3,1,1,1,0,-0.188,3,1,3,1,1,2,4,1,1,1,0,0,1,1,1,1,0,1,3,1,2,3,0,1,2,3,0,1,1,0,0,0,0,1,0,0,0,0,0,0,1,2,2,0,2,1,0,2,1,1,2,3,1,0,1,1,3,0,0,0,0,0,0,2,0,0,0,0,0,0,1,0,0,0,0,0,0,0,3,-2,1,4,0,1,0,0,1,0,0,2,1,1,4,3,3,90,2,1,1,0,4,1,3,3,5,1,0,1,1,0,0,0,0,0,0,0,2,1,1,62,-2,90,4,1,0,0,0,0,8,0,0,0,0,0,0,0,1,0,1,0,5,7,1,3,1,2,2,6,1,1,2,3,0,0,0,0,2,0,0.46715526786015504
131,9440,1,2,4,7,7,68,5,4,1,5,1,3,2,5,1,2,66,2,5,5,5,5,5,5,4,4,2,7,5,4,1,4,4,5,5,5,5,4,5,6,6,1,1,4,2,5,5,5,4,2,2,3,2,0,1,1,-0.188,3,2,2,1,1,2,2,1,1,1,0,1,1,1,1,0,0,1,1,1,2,2,0,1,2,6,1,1,1,1,0,0,0,0,0,0,0,0,1,1,0,2,2,0,2,1,0,1,1,1,1,1,1,0,0,0,4,0,0,0,0,0,0,2,1,0,0,0,0,0,0,0,0,0,1,0,0,0,3,-2,1,4,1,0,0,0,1,0,1,2,1,1,4,4,3,75,4,4,2,0,4,3,3,4,4,5,1,1,0,0,1,0,0,0,0,0,7,3,-2,-2,70,100,4,0,1,0,0,0,5,0,0,0,0,1,0,0,0,0,-2,1,2,2,4,4,2,2,3,2,1,1,3,5,0,0,1,0,2,0,1.36872061135131
132,8952,1,3,3,5,6,48,2,2,3,3,3,3,3,3,3,4,39,3,3,2,2,3,3,3,3,3,2,4,2,3,0,3,4,3,4,4,4,3,3,4,4,0,0,3,2,4,5,5,3,3,1,3,2,1,1,1,-0.57,2,3,2,2,2,2,4,3,1,0,1,1,0,0,1,1,0,1,2,1,4,2,0,3,2,4,1,0,1,0,0,0,0,0,0,0,0,0,0,0,1,3,2,0,2,1,1,1,1,1,1,1,1,0,0,0,3,1,0,0,0,0,0,1,0,1,0,0,0,0,0,0,0,0,0,0,0,1,1,0,2,1,0,0,1,1,0,0,0,2,1,1,3,2,3,-1,2,1,2,0,4,2,3,3,4,3,0,0,1,0,1,0,0,0,0,0,3,3,1,62,-2,-2,1,-1,0,0,0,0,8,0,0,0,0,0,0,0,1,0,2,0,5,8,1,1,4,2,2,3,3,1,3,5,0,0,0,0,2,1,1.52344101436311
133,13656,1,3,5,5,4,59,3,2,3,3,2,5,1,5,1,3,56,4,4,4,4,3,4,4,4,4,3,5,4,4,1,4,4,2,2,5,4,5,4,5,5,1,0,4,4,4,5,2,3,3,1,3,2,1,1,1,-0.188,2,3,3,1,1,2,4,4,1,0,1,0,1,1,1,1,0,1,1,2,2,4,0,-2,-2,6,1,1,1,1,0,0,0,1,0,0,0,0,0,0,1,3,2,0,2,1,0,1,1,1,1,1,1,0,0,0,4,1,1,0,0,1,1,1,1,1,0,0,0,0,0,0,0,0,0,0,0,1,3,-2,1,2,1,1,1,1,1,1,1,2,1,1,2,2,2,90,4,2,2,0,4,2,3,3,3,3,1,1,0,0,1,0,1,0,0,0,3,2,-2,-2,70,50,4,1,0,0,0,0,2,0,1,0,0,0,0,0,0,0,-2,0,5,2,4,4,1,2,2,6,1,1,1,1,0,0,0,0,2,0,1.02160788239247
134,13367,1,3,5,5,6,49,3,3,3,3,3,3,3,3,3,3,42,3,3,3,3,3,3,3,3,3,3,4,3,3,1,3,3,3,3,3,3,3,3,5,3,0,0,3,3,1,1,4,3,2,1,1,2,1,0,1,-1.485,1,1,3,1,2,2,2,1,1,0,0,0,1,0,1,0,0,1,2,3,3,2,1,-2,-2,4,1,0,0,1,0,0,0,1,0,0,0,1,0,0,0,1,2,0,3,2,0,1,1,1,1,1,1,0,0,0,2,1,1,0,1,1,0,2,1,1,1,0,0,0,1,0,0,0,0,0,1,0,1,1,1,4,1,1,1,1,1,1,1,1,0,0,3,3,3,0,3,3,2,0,4,2,3,3,4,4,1,1,1,1,1,0,0,0,0,0,6,3,-2,-2,61,79,4,1,0,0,0,0,3,0,0,1,0,0,0,0,0,0,-2,0,5,1,4,2,1,2,4,7,4,1,2,4,0,0,0,1,3,0,1.54724225368128
135,12935,1,3,3,2,4,44,3,2,4,2,3,4,3,3,3,4,33,2,2,3,3,2,2,2,3,3,4,3,4,3,0,4,4,3,3,5,5,4,4,2,6,1,1,5,1,4,5,4,2,3,1,3,2,1,1,1,0.7120000000000001,3,3,2,1,1,2,4,3,1,1,1,1,1,1,1,1,0,1,2,1,2,3,0,1,2,3,1,1,1,1,0,0,0,0,0,0,0,0,0,0,1,2,2,1,2,1,0,1,1,1,1,1,1,0,0,0,8,1,1,1,1,1,1,1,0,0,0,0,0,0,1,0,0,0,0,1,1,0,3,-2,1,2,0,0,0,0,0,0,1,2,1,1,2,4,4,95,2,2,1,0,3,2,2,2,3,3,0,1,0,0,0,0,0,0,0,0,2,2,-2,-2,71,5,3,-1,0,0,0,0,2,0,1,0,0,0,0,0,0,0,-2,0,5,4,2,3,1,1,2,6,1,0,2,4,0,0,0,0,2,0,0.777106431579047
136,7382,1,2,7,7,7,77,5,5,5,5,1,1,1,5,1,1,85,5,5,5,5,5,5,5,5,5,1,5,5,5,0,5,5,5,5,3,3,3,3,6,6,7,7,4,3,1,1,3,4,2,1,2,2,1,0,1,-1.9,2,2,3,2,2,2,3,3,2,0,0,0,0,0,1,0,0,0,1,2,2,6,0,-2,-2,3,1,0,0,0,0,0,0,0,0,0,0,0,0,0,1,1,3,0,2,1,0,1,1,1,1,1,1,0,1,1,2,0,0,0,0,0,0,3,1,0,0,0,0,0,0,0,0,0,0,0,0,1,1,0,1,2,0,1,0,1,1,0,0,2,1,1,4,5,4,100,3,3,2,0,1,1,2,4,5,5,0,1,0,0,0,0,0,0,0,0,7,4,-2,-2,70,100,2,0,0,1,1,0,4,0,0,0,1,0,0,0,0,0,-2,0,5,3,3,2,1,1,4,3,1,1,1,1,0,0,1,1,2,0,1.06960085912194
137,12300,2,3,7,6,4,63,4,3,2,3,3,2,2,4,1,2,56,5,3,3,3,3,5,4,4,4,2,5,5,3,1,4,4,4,2,5,5,5,5,5,6,7,1,4,3,5,6,6,4,3,1,3,2,1,1,1,1.2670000000000001,3,3,2,1,1,2,4,2,1,1,1,1,1,1,1,1,1,1,1,1,2,1,0,3,1,5,1,0,0,1,0,0,0,0,0,0,0,0,0,0,1,2,1,0,2,2,0,1,1,1,1,1,1,0,0,0,4,0,1,0,0,0,1,2,1,0,0,0,0,1,0,0,0,0,0,0,0,0,1,0,1,2,0,1,0,1,1,0,0,2,1,1,1,2,1,90,5,3,1,1,2,2,3,3,4,2,0,1,0,0,0,0,0,0,0,0,3,3,1,62,-2,95,5,1,0,0,0,0,8,0,0,0,0,0,0,0,1,0,2,0,5,7,1,4,1,2,2,4,1,0,3,5,0,0,0,0,2,0,0.785030219238986
138,12753,1,3,5,6,6,52,3,4,2,3,4,4,2,3,2,3,58,4,4,4,4,4,4,4,4,4,2,6,5,3,1,3,2,3,2,5,4,3,5,3,5,0,1,4,3,2,6,5,3,3,1,3,2,1,1,1,1.2670000000000001,3,3,2,1,1,2,4,2,1,1,1,1,1,1,1,1,1,1,1,1,2,7,0,3,3,5,1,1,1,1,1,1,0,1,0,0,0,0,0,0,1,2,2,0,2,1,0,1,1,1,1,1,1,0,1,1,4,1,0,1,0,0,1,2,1,0,0,0,0,0,0,0,0,0,0,0,0,1,3,-2,1,5,0,1,0,1,1,1,0,2,1,1,2,2,2,85,5,4,2,0,2,1,2,4,4,3,0,0,0,0,0,0,0,0,0,1,6,3,-2,-2,67,95,5,1,0,0,0,0,1,1,0,0,0,0,0,0,0,0,-2,0,5,4,3,5,1,1,2,8,5,1,1,2,0,0,0,0,2,0,0.476962626107654
139,11832,1,3,6,7,4,79,5,5,1,5,1,1,1,5,1,2,67,5,5,2,4,3,5,5,5,5,3,5,5,5,1,4,3,4,4,5,5,5,3,6,6,1,1,3,3,5,6,2,4,3,1,3,2,1,1,1,0.242,3,3,2,1,1,2,2,1,1,1,1,1,1,1,1,0,0,1,1,1,2,1,0,2,1,6,1,1,1,1,1,0,0,0,0,0,0,0,0,0,1,1,1,0,2,1,0,1,1,1,1,1,1,0,0,0,4,1,1,1,1,1,0,3,0,1,0,0,0,0,0,0,0,0,0,0,1,0,2,0,1,4,1,1,1,1,1,1,1,2,1,1,1,1,1,85,3,5,2,0,3,2,3,4,5,4,0,1,0,0,0,0,1,1,0,0,1,4,-2,-2,66,50,4,1,0,0,0,0,8,0,0,0,0,0,0,0,1,0,1,0,5,5,2,4,1,1,1,7,1,1,3,5,0,0,0,0,1,0,0.9701371891375742
140,13051,1,3,6,5,6,59,4,2,2,4,2,4,2,3,2,2,53,4,4,4,4,4,4,4,3,3,3,5,5,4,1,4,2,3,2,5,4,5,4,5,6,1,7,4,2,4,5,2,3,3,1,3,2,1,1,1,1.2670000000000001,3,3,2,1,1,2,4,2,1,1,1,1,1,1,1,1,1,1,2,1,1,1,0,2,1,5,1,0,0,1,1,1,0,0,0,0,0,0,0,0,1,2,1,0,1,1,0,1,1,1,1,1,1,0,0,0,4,1,1,1,0,1,0,2,0,1,0,0,0,0,1,0,0,0,1,0,1,0,3,-2,1,5,0,1,1,1,1,1,1,3,1,0,3,3,2,33,2,1,2,1,3,2,3,2,4,2,0,0,0,0,0,0,1,1,0,0,5,3,1,67,-2,-2,5,1,0,0,0,0,8,0,0,0,0,0,0,0,1,0,1,0,5,8,1,5,1,1,2,8,1,1,3,7,0,0,0,0,2,0,0.22892977620331303
141,8312,1,3,7,7,7,79,5,5,1,4,1,2,1,5,1,1,82,5,5,5,5,5,5,5,5,5,2,6,5,5,1,4,5,4,4,5,4,5,5,6,6,1,1,5,3,6,6,1,4,3,1,3,2,1,1,1,1.2670000000000001,3,3,2,1,1,2,4,2,1,1,1,1,1,1,1,1,1,1,1,1,2,6,0,4,3,5,1,1,1,1,0,1,0,1,0,0,0,0,0,0,1,2,3,0,2,1,0,1,1,1,1,1,1,0,0,0,4,1,1,1,0,1,0,2,0,0,0,0,0,0,0,0,0,0,1,0,1,0,3,-2,1,3,0,0,0,0,1,1,0,2,1,1,2,2,3,80,5,5,2,0,3,2,3,4,5,5,0,1,0,0,0,0,1,0,0,0,3,4,-2,-2,70,100,5,1,0,0,0,0,2,0,1,0,0,0,0,0,0,0,-2,0,5,2,4,4,1,1,2,9,1,1,1,1,0,0,0,0,2,0,1.33011826739428
142,14093,2,3,6,6,6,54,2,2,2,2,2,2,4,4,2,3,50,4,4,3,3,3,4,4,3,4,3,5,5,4,1,4,3,4,3,5,3,5,4,6,5,1,1,4,3,4,4,2,3,3,1,3,2,1,1,1,0.7120000000000001,3,3,2,1,1,2,2,2,1,1,1,1,1,1,1,0,1,1,1,1,1,5,0,4,2,5,1,0,1,1,0,1,0,0,0,0,0,0,0,0,1,1,2,0,1,1,0,1,1,1,1,1,1,0,0,0,4,1,1,0,0,1,0,2,0,1,0,0,0,0,0,0,0,0,0,0,0,1,3,-2,1,3,1,1,1,1,1,1,1,1,1,0,2,2,3,5,4,2,1,0,3,1,2,4,3,4,0,0,0,0,0,0,0,1,0,0,5,4,1,-1,-2,67,4,1,0,0,0,0,8,0,0,0,0,0,0,0,1,0,1,0,5,6,2,4,1,2,1,6,3,1,4,9,0,0,0,0,1,0,0.604002794759079
143,8521,1,3,5,4,4,57,3,3,2,3,4,3,3,4,1,2,42,3,4,3,3,2,3,3,3,3,2,4,3,3,1,4,4,3,3,5,4,1,4,3,5,7,7,4,1,4,4,5,3,3,1,3,2,1,1,1,-0.909,2,3,3,1,1,2,2,4,2,0,1,0,1,1,1,0,0,0,2,1,1,5,0,4,1,5,1,1,1,0,0,0,0,0,0,0,0,0,0,0,1,1,1,0,1,1,0,1,1,1,1,1,1,0,0,0,4,0,0,0,0,0,0,2,1,0,0,0,0,0,0,0,0,0,0,0,0,1,3,-2,1,2,0,0,0,0,0,0,0,3,0,0,2,3,2,100,4,1,2,0,3,1,3,3,4,2,0,0,0,0,0,0,0,0,0,1,6,4,1,62,-2,-2,2,1,0,0,0,0,8,0,0,0,0,0,0,0,1,0,3,1,4,8,1,2,1,2,1,4,2,1,1,1,0,0,0,0,1,0,0.6794257643890339
144,13953,1,2,5,5,6,47,1,1,5,3,1,4,3,2,3,1,45,4,1,2,4,2,3,3,4,1,3,3,1,4,0,1,4,4,2,1,1,1,1,1,4,7,0,5,1,1,2,3,2,3,1,3,2,1,1,1,-1.485,1,3,1,1,2,1,3,1,2,0,1,0,1,0,0,0,0,0,3,3,3,99,0,-2,-2,3,1,0,1,0,0,0,0,0,0,0,0,0,0,0,1,1,2,0,1,2,0,1,1,1,2,2,1,0,0,0,1,1,0,0,0,0,0,1,1,1,0,0,0,1,0,0,0,0,0,0,0,0,1,0,1,4,0,0,0,0,0,0,1,3,1,0,3,4,2,98,5,4,2,0,1,3,2,3,5,4,1,0,0,0,0,0,0,0,0,0,5,3,-2,-2,61,25,3,1,0,0,0,0,5,0,0,0,0,1,0,1,0,0,-2,0,5,1,4,2,4,1,2,1,5,1,3,7,0,0,0,0,2,1,2.7203319814782
145,11926,2,3,7,7,7,84,5,5,1,5,1,1,1,5,1,4,76,5,5,5,5,5,5,5,3,5,2,7,5,5,1,5,5,5,5,5,5,5,5,6,6,7,7,4,3,6,6,7,4,3,1,3,2,1,1,1,1.2670000000000001,3,3,2,1,1,2,4,2,1,1,1,1,1,1,1,1,1,1,1,1,2,7,0,4,99,7,1,0,1,1,1,1,0,0,0,0,0,0,0,0,1,1,2,0,2,1,0,1,1,1,1,1,1,0,0,0,4,1,0,1,0,0,1,2,0,0,0,0,0,0,0,0,0,0,0,0,0,1,2,0,1,5,1,1,0,1,1,1,1,2,1,1,3,3,2,100,5,5,2,0,2,1,3,4,5,5,0,1,0,0,0,0,0,1,0,0,5,4,1,70,-2,100,5,0,0,1,0,1,8,0,0,0,0,0,0,0,1,0,3,1,2,7,1,5,1,1,2,7,1,1,4,9,0,0,0,0,2,0,0.322606128026554
146,9918,2,2,3,2,1,26,1,3,5,2,5,3,5,1,5,5,38,3,3,2,3,3,2,2,4,3,4,3,3,3,0,4,3,3,3,4,3,1,4,2,5,0,0,3,3,3,4,5,3,3,1,3,2,1,1,1,0.242,3,3,2,1,1,2,3,1,1,1,1,1,1,1,1,0,0,1,3,1,2,3,0,1,2,2,1,0,0,0,0,0,0,1,0,0,0,0,0,0,1,3,2,0,2,3,0,1,2,1,2,1,1,0,0,0,1,1,1,1,0,0,0,2,1,0,0,0,0,0,0,0,0,0,0,0,0,1,3,-2,1,3,0,0,1,0,0,0,0,2,1,1,3,3,2,90,2,5,2,0,5,3,2,2,3,1,0,1,0,0,0,0,1,0,0,0,5,2,1,62,-2,10,3,1,0,0,0,0,8,0,0,0,0,0,0,0,1,0,2,0,5,6,2,2,1,1,2,2,1,1,4,9,0,0,0,0,2,0,1.28820923260058
147,13330,1,3,6,6,4,78,4,5,1,5,1,1,2,4,1,1,46,3,5,3,4,2,3,4,4,3,5,2,4,4,0,4,4,5,5,5,5,5,5,3,4,0,0,1,2,6,3,2,3,3,1,3,2,1,1,1,-0.188,3,3,1,1,1,2,2,4,1,1,1,0,1,1,1,0,0,1,1,1,1,99,0,1,99,4,1,0,1,1,0,0,0,0,0,0,0,0,0,0,1,1,3,0,1,2,0,1,1,1,1,1,1,0,0,0,4,0,1,0,0,0,0,1,1,-1,0,0,0,0,0,0,0,0,0,0,0,1,3,-2,1,2,1,1,1,1,0,0,0,2,0,1,3,4,1,100,4,1,2,0,2,1,3,3,1,1,0,0,0,0,0,0,1,0,0,0,5,4,1,-1,-2,-2,2,1,0,0,0,0,8,0,0,0,0,0,0,0,1,0,2,0,5,8,1,1,1,2,1,2,2,1,2,3,0,0,0,0,1,0,1.6527648544865001
148,9919,1,3,2,3,4,39,1,2,5,1,3,5,3,1,2,4,16,1,1,1,1,1,1,1,3,3,3,3,5,2,0,3,2,1,1,5,2,1,5,1,5,1,0,1,1,4,1,1,4,1,2,1,2,0,0,1,-0.909,2,3,3,1,1,2,2,3,1,0,1,0,1,1,1,0,0,1,2,3,2,6,0,-2,-2,1,1,1,1,1,0,0,0,0,0,1,0,0,0,0,0,2,2,0,2,2,0,1,2,1,1,1,1,1,1,1,1,1,1,0,0,0,0,2,0,0,0,0,0,0,0,0,0,0,0,0,0,1,2,0,1,3,0,0,0,0,0,0,0,2,1,1,4,3,3,50,3,3,1,0,3,2,2,2,3,2,0,0,0,0,0,0,0,0,0,1,5,4,-2,-2,65,0,3,0,0,2,1,0,2,0,1,0,0,0,0,0,0,0,-2,0,5,3,3,3,1,2,4,8,1,1,4,8,0,0,1,0,2,0,1.3015065353808601
149,8718,1,3,3,3,4,48,3,3,4,2,3,4,3,4,2,3,45,3,3,3,3,3,4,3,4,4,3,4,5,3,1,5,3,3,2,5,3,2,2,5,5,1,0,3,3,5,5,5,3,3,1,3,2,1,1,1,0.242,2,3,2,1,1,2,4,4,1,0,1,1,1,1,1,1,0,1,1,3,3,3,0,-2,-2,4,1,1,1,1,0,0,0,1,0,0,0,0,0,0,1,1,2,0,1,1,0,1,1,2,1,2,1,0,0,0,4,1,1,1,1,1,8,2,1,1,0,0,0,0,1,0,0,0,0,0,0,0,1,0,1,4,1,1,1,1,1,0,1,2,0,1,3,4,3,80,3,2,1,1,4,1,3,2,3,4,1,0,0,0,0,0,0,0,0,0,3,3,-2,-2,71,80,4,1,0,0,0,0,2,0,1,0,0,0,0,0,0,0,-2,0,5,1,4,4,2,2,2,7,4,1,2,3,0,0,0,0,2,0,1.7131147229846697
150,8522,1,3,6,6,6,59,4,4,2,4,2,2,2,4,2,3,63,5,5,4,4,3,3,5,4,4,2,5,5,5,1,5,5,5,5,5,5,5,5,6,6,1,1,3,4,3,4,5,4,3,1,3,2,1,1,1,-0.188,2,3,3,1,1,2,4,4,1,0,1,0,1,1,1,1,0,1,1,1,2,5,0,3,2,4,1,1,1,1,0,1,1,1,0,0,0,0,0,0,1,1,1,0,2,1,0,1,1,1,1,1,1,0,0,0,4,1,1,0,1,1,0,2,1,1,0,0,0,0,0,0,0,0,0,0,0,1,3,-2,1,3,1,1,0,1,1,1,0,3,1,0,3,3,3,50,4,3,2,0,3,2,3,3,3,4,0,0,0,0,0,0,0,0,0,1,4,4,-2,-2,67,85,5,0,1,0,0,0,2,0,1,0,0,0,0,0,0,0,-2,0,5,3,3,5,1,1,3,8,1,1,2,4,0,1,0,0,2,0,0.494482491223351
151,9441,1,3,6,6,6,49,3,4,4,4,4,3,3,4,3,3,49,4,3,3,3,3,4,4,4,3,3,6,4,3,0,4,4,4,4,5,4,3,5,5,6,7,7,5,2,3,5,3,3,3,1,3,2,1,1,1,0.242,3,3,2,2,1,2,2,2,1,1,1,1,0,1,1,0,1,1,1,1,2,2,0,1,1,4,1,1,1,0,1,0,0,0,0,0,0,0,0,0,1,2,2,0,2,1,0,1,1,1,1,1,1,0,0,0,4,0,0,0,0,0,0,4,0,0,0,0,0,0,0,0,0,0,0,0,0,1,2,0,1,4,1,1,0,1,1,1,0,2,1,1,2,4,2,90,3,1,2,0,3,1,3,3,3,4,0,1,0,0,0,0,0,0,0,0,4,4,1,62,-2,90,5,1,0,0,0,0,8,0,0,0,0,0,0,0,1,0,1,0,5,7,1,3,1,1,2,3,1,1,3,5,0,0,0,0,2,0,0.605872820614108
152,9442,1,3,6,5,4,55,2,3,3,3,3,3,2,3,2,2,43,3,4,2,2,2,3,3,5,5,4,4,5,3,1,4,4,3,3,5,4,5,4,4,6,1,7,3,4,3,5,4,3,2,2,3,2,0,1,1,-0.188,3,2,2,1,1,2,3,4,1,1,0,1,1,1,1,0,0,1,1,2,1,5,0,-2,-2,99,0,0,1,1,0,1,0,0,0,0,0,0,0,0,1,2,1,0,1,1,0,1,1,1,2,2,1,0,0,0,3,0,0,0,0,0,1,2,0,1,0,0,0,0,1,0,0,0,0,0,0,0,3,-2,1,4,1,1,1,1,1,1,1,3,1,0,1,1,1,100,2,2,1,0,5,1,3,3,3,3,0,0,0,0,1,0,1,0,0,0,3,3,-2,-2,65,60,4,-1,0,0,0,0,6,0,0,0,0,0,1,0,0,0,-2,0,5,5,2,4,1,2,1,7,4,1,2,3,0,0,0,0,1,0,1.1306166433645701
153,7318,1,3,5,5,1,53,4,4,4,3,2,5,2,4,2,2,46,3,4,3,3,3,2,4,4,5,5,4,3,4,0,4,3,2,2,5,4,5,4,6,5,1,1,5,3,6,4,3,4,2,1,1,2,1,0,1,-0.188,3,3,2,1,2,2,3,2,1,1,1,1,1,0,1,0,1,1,1,1,2,1,0,3,3,4,0,0,0,1,1,0,0,0,0,0,0,0,0,0,1,2,2,0,2,1,0,1,1,1,1,1,1,0,0,0,4,1,1,1,0,1,0,1,1,0,0,0,0,0,0,0,0,0,1,0,0,0,2,0,1,2,0,0,0,0,0,0,0,2,1,1,5,5,4,50,2,4,2,0,4,2,2,3,4,5,0,0,0,0,0,0,0,0,0,1,7,3,-2,-2,65,50,3,0,0,0,1,0,2,0,1,0,0,0,0,0,0,0,-2,0,5,4,3,2,1,1,4,8,1,1,2,3,0,0,0,1,3,0,1.31297677783518
154,13908,1,3,7,4,4,52,2,3,3,4,3,3,3,3,2,3,41,3,5,2,2,2,5,4,4,3,4,3,5,4,1,3,3,3,3,5,5,5,5,4,6,0,0,3,1,2,2,6,4,3,1,3,2,1,1,1,0.242,3,3,2,1,1,2,3,3,1,1,1,1,1,1,1,0,0,1,1,1,2,-1,0,1,-1,99,0,0,1,0,1,0,0,0,0,0,0,0,0,0,1,1,1,0,2,1,0,1,1,1,1,1,1,0,0,0,3,1,0,1,0,0,1,2,0,0,0,0,0,0,0,0,0,0,0,0,0,1,2,0,1,1,0,1,1,1,1,1,0,-1,0,0,3,3,3,100,4,1,1,0,1,1,4,3,3,3,0,0,0,0,0,0,0,1,0,0,7,3,1,62,-2,-2,2,-1,0,0,0,0,4,0,0,0,1,0,0,0,0,0,-2,1,4,8,1,2,1,2,2,3,1,1,3,5,0,0,0,0,2,0,0.7036228557741829
155,7855,1,3,5,5,4,47,3,3,3,3,4,3,3,2,3,3,47,3,4,4,3,2,4,4,4,3,3,4,5,4,1,4,4,4,3,4,3,2,4,4,6,1,0,4,2,5,4,3,3,3,1,3,2,1,1,1,-0.188,2,3,2,1,2,2,3,2,1,0,1,1,1,0,1,0,1,1,2,1,2,6,0,3,3,6,1,0,1,1,0,0,0,1,0,0,0,0,0,0,1,2,1,0,2,1,0,1,1,1,1,1,1,0,0,0,3,1,1,1,0,1,1,2,1,1,0,0,0,1,0,0,0,0,0,0,0,0,2,0,1,5,0,1,0,1,1,0,1,2,0,1,3,1,1,50,4,1,1,0,3,1,3,4,4,4,0,1,0,0,0,0,0,0,0,0,5,3,-2,-2,65,100,5,0,0,1,1,0,2,0,1,0,0,0,0,0,0,0,-2,0,5,3,3,5,1,2,4,8,1,1,4,9,0,0,1,0,2,0,1.0383072108175
156,11085,2,3,7,6,6,62,4,1,2,4,2,2,2,4,2,2,44,4,3,3,3,3,4,3,2,2,2,4,5,4,0,4,3,3,2,5,4,5,5,4,5,0,0,3,2,5,5,3,3,3,1,3,2,1,1,1,1.2670000000000001,3,3,2,1,1,2,4,2,1,1,1,1,1,1,1,1,1,1,1,1,2,1,0,2,1,6,1,0,1,1,0,1,0,0,0,0,0,0,0,0,1,1,1,0,2,1,0,1,1,1,1,1,1,0,0,0,4,0,0,0,0,0,0,1,1,0,0,0,0,0,0,0,0,0,0,0,0,1,2,0,1,2,0,0,0,0,1,0,0,3,0,0,2,2,1,98,4,2,2,0,2,2,3,3,4,3,0,1,0,0,0,0,0,1,0,0,5,4,1,65,-2,100,5,1,0,0,0,0,8,0,0,0,0,0,0,0,1,0,2,1,4,8,1,2,1,2,2,6,1,1,3,7,0,0,0,0,2,0,0.581735431939286
157,10555,1,3,6,6,6,59,4,4,2,4,2,3,2,3,2,3,49,4,3,2,3,2,4,4,4,5,4,4,4,4,0,4,4,4,3,5,4,5,5,6,6,7,0,4,4,4,4,2,4,3,1,3,2,1,1,1,0.242,3,3,2,1,1,2,3,1,1,1,1,1,1,1,1,0,0,1,1,1,2,1,0,4,1,98,1,1,1,1,0,0,0,0,0,0,0,0,0,0,1,2,1,0,2,1,0,1,1,1,1,1,1,0,0,0,3,0,0,0,0,0,0,2,1,0,0,0,0,0,0,0,0,0,0,0,0,1,1,0,1,2,0,1,0,1,0,0,0,2,1,1,2,3,2,60,2,4,2,0,3,3,2,2,4,2,0,1,0,0,0,0,0,0,0,0,5,4,1,63,-2,50,2,-1,0,0,0,0,8,0,0,0,0,0,0,0,1,0,1,1,4,7,2,1,1,2,2,4,1,1,3,5,0,0,0,0,2,0,0.914159192212371
158,12355,1,3,6,6,4,43,2,2,4,3,4,4,3,2,3,4,41,3,3,3,3,3,3,3,3,3,3,4,4,3,0,4,4,3,3,4,3,2,4,2,6,7,7,4,2,3,4,5,3,3,1,3,2,1,1,1,0.242,3,3,2,1,1,2,3,4,1,1,1,1,1,1,1,0,0,1,3,2,2,5,0,-2,-2,2,1,1,0,0,0,0,0,0,0,0,0,0,0,0,1,2,2,1,1,1,0,3,2,1,1,1,1,1,0,1,2,1,0,0,0,0,1,1,1,0,0,0,0,0,0,0,0,0,0,0,0,1,2,0,1,3,0,1,1,0,1,0,1,2,1,1,3,4,3,90,3,3,1,0,4,2,3,3,3,2,0,1,0,0,0,0,0,0,0,0,5,3,1,62,-2,100,4,0,0,1,0,0,8,0,0,0,0,0,0,0,1,0,1,1,2,6,2,3,4,1,4,5,1,1,3,6,0,0,1,0,3,1,0.47948297088187203
159,11833,1,3,5,6,1,56,2,3,2,4,2,4,2,3,1,5,79,5,5,5,5,5,5,5,5,1,1,5,5,5,1,4,4,4,1,5,4,4,1,1,6,1,0,4,4,6,6,2,4,3,1,3,2,1,1,1,-0.188,3,3,2,1,2,2,3,3,1,1,1,1,1,0,1,0,0,1,1,1,2,5,0,3,2,4,1,0,1,1,0,0,0,0,0,0,0,0,0,0,1,1,1,0,2,1,0,1,1,1,1,1,1,0,0,0,4,0,1,0,0,1,1,2,1,0,0,0,0,0,1,0,0,0,0,0,0,0,2,0,1,2,1,1,0,0,0,0,0,2,1,1,3,3,3,50,5,3,2,0,3,3,4,2,4,2,0,1,0,0,0,0,0,0,0,0,2,3,-2,-2,70,100,3,1,0,0,0,0,2,0,1,0,0,0,0,0,0,0,-2,0,5,1,4,3,1,1,2,6,5,1,4,8,0,0,0,0,2,0,0.9379121198635552
160,12016,1,2,6,4,5,45,3,1,2,2,3,3,4,3,3,5,34,2,3,3,2,2,3,3,3,3,3,5,4,3,0,4,4,2,4,5,4,3,4,4,4,7,7,3,3,3,1,4,2,2,3,3,2,0,1,1,-0.188,2,3,2,1,1,2,3,1,1,0,1,1,1,1,1,0,0,1,2,2,1,99,0,-2,-2,3,1,1,1,0,0,0,0,0,0,0,0,1,0,0,0,1,2,0,1,2,0,1,1,1,1,2,1,1,1,-1,1,0,0,0,0,0,0,2,-1,1,0,0,0,0,1,0,0,0,0,0,0,0,3,-2,1,2,0,0,0,1,0,0,0,2,0,1,-1,4,3,100,3,3,1,0,3,2,2,2,2,1,0,0,1,0,0,1,0,0,0,0,3,3,1,62,-2,20,2,1,0,0,0,0,8,0,0,0,0,0,0,0,1,0,1,0,5,7,1,2,1,2,1,1,3,0,2,4,0,0,0,0,1,0,0.9307639235357199
161,8523,1,3,7,7,7,63,4,4,3,4,3,5,1,1,1,1,85,5,5,5,5,5,5,5,5,5,1,7,5,5,1,2,4,4,2,3,3,1,4,2,6,0,0,4,4,6,6,1,4,3,1,3,2,1,1,1,1.2670000000000001,3,3,2,1,1,2,4,2,1,1,1,1,1,1,1,1,1,1,1,1,1,7,0,4,3,5,1,0,1,0,0,1,0,0,0,0,0,0,0,0,1,3,2,0,1,3,0,1,1,1,1,1,1,0,0,0,4,0,0,0,0,0,0,3,0,0,0,0,0,0,0,0,0,0,0,0,0,1,3,-2,1,5,0,0,0,0,0,1,0,2,1,1,2,5,1,100,3,5,2,0,4,2,2,4,4,5,0,0,0,0,0,0,1,1,0,0,1,4,1,62,-2,100,5,1,0,0,0,0,8,0,0,0,0,0,0,0,1,0,3,0,5,7,1,5,1,2,1,7,1,1,1,1,0,0,0,0,1,0,0.472115923580581
162,11228,1,3,3,4,3,44,2,2,4,3,4,5,3,2,2,3,42,3,4,4,2,3,3,3,3,3,2,5,5,3,1,1,2,2,1,5,2,4,5,2,5,7,0,3,2,3,3,4,3,3,1,3,2,1,1,1,-0.188,2,3,2,1,1,2,3,3,1,0,1,1,1,1,1,0,0,1,2,1,2,4,0,1,2,6,1,1,1,0,0,0,0,1,0,0,0,0,0,0,1,3,1,0,1,1,0,1,1,1,1,1,1,8,0,0,4,1,1,0,0,1,8,2,0,0,0,0,0,1,1,0,0,0,1,0,0,0,2,0,1,2,0,0,0,0,1,0,1,2,1,1,2,2,3,75,2,3,2,1,4,2,1,3,2,1,0,1,0,0,0,0,0,0,0,0,1,3,-2,-2,65,0,3,0,0,0,1,0,4,0,0,0,1,0,0,0,0,0,-2,0,5,4,2,2,1,2,3,6,1,1,3,6,0,0,0,1,2,0,1.4519216157894999
163,9690,2,3,6,5,4,54,2,4,3,3,3,3,3,3,2,2,56,4,5,4,3,3,5,4,5,5,4,4,5,4,1,4,4,4,4,5,5,5,5,5,5,7,7,4,4,3,4,2,4,2,1,2,2,1,0,1,-0.57,2,3,2,1,1,2,3,3,1,0,1,1,1,1,1,0,0,1,2,1,2,6,0,3,3,4,1,0,1,1,0,1,0,0,0,0,0,0,0,0,1,3,3,0,2,1,0,1,1,1,1,1,1,0,0,0,4,1,1,0,0,1,0,2,0,0,0,0,0,1,1,0,0,0,0,0,0,0,2,0,1,3,0,0,0,0,0,0,0,2,1,1,3,1,2,75,4,5,2,0,3,1,4,4,4,3,0,1,0,0,0,0,0,1,0,0,1,3,1,62,-2,100,5,1,0,0,0,0,8,0,0,0,0,0,0,0,1,0,2,0,5,6,2,5,1,2,2,7,1,1,2,4,0,0,0,0,2,0,0.425747786830496
164,13917,1,1,3,5,7,14,1,1,5,1,5,5,5,1,5,5,10,1,1,1,1,1,1,1,1,1,1,1,1,1,0,1,1,1,1,1,1,1,1,1,1,7,7,1,1,1,1,1,1,2,3,3,2,0,1,1,-1.215,3,2,3,2,2,2,4,4,2,1,0,0,0,0,1,1,0,0,2,2,2,4,0,-2,-2,1,0,0,0,0,0,1,0,0,0,0,0,1,0,0,0,4,1,0,1,1,0,3,3,3,3,3,3,8,0,0,8,0,0,0,0,0,8,2,0,0,1,0,0,0,0,0,0,0,0,0,0,0,3,-2,1,2,0,0,0,0,0,0,0,1,0,0,5,5,1,1,1,1,1,1,5,4,1,1,3,5,0,1,0,0,0,0,0,0,0,0,7,1,-2,-2,61,5,2,1,0,0,0,0,3,0,0,1,0,0,0,0,0,0,-2,0,5,2,4,2,1,2,1,1,4,1,4,8,0,0,0,0,1,0,0.593063879603539
165,9187,2,2,6,6,5,75,4,4,1,4,2,2,1,4,1,1,64,5,5,4,4,4,5,5,3,3,2,5,5,4,0,3,4,3,4,5,5,5,5,6,6,7,1,5,3,3,5,5,4,3,1,3,2,1,1,1,0.242,2,3,2,1,1,2,3,2,1,0,1,1,1,1,1,0,1,1,1,1,1,1,0,1,1,7,1,0,1,1,0,1,0,0,0,0,0,0,0,0,1,1,2,0,1,1,0,1,1,1,1,1,1,0,0,0,4,0,0,1,0,0,0,2,0,1,0,0,0,0,0,0,0,0,0,0,0,1,3,-2,1,2,1,1,0,1,1,0,1,2,1,1,1,2,1,100,4,4,2,0,2,2,3,3,3,4,0,0,0,0,0,0,0,1,0,0,4,4,1,-3,-2,75,2,1,0,0,0,0,8,0,0,0,0,0,0,0,1,0,2,0,5,6,2,2,1,2,1,2,2,1,3,7,0,0,0,0,1,1,0.9787453392513961
166,12419,1,3,7,7,7,30,1,3,3,1,1,5,5,1,5,5,29,1,3,2,2,2,1,2,4,3,3,3,3,1,0,2,2,2,2,1,1,1,3,1,5,1,0,2,1,1,4,5,2,3,1,3,2,1,1,1,-0.57,2,3,1,1,1,2,2,4,1,0,1,0,1,1,1,0,0,1,3,1,2,6,0,2,2,1,1,1,1,1,0,0,0,0,0,0,0,0,0,1,0,2,3,0,3,3,0,2,2,1,1,1,2,1,0,1,1,1,1,0,0,0,8,2,1,0,0,0,0,0,1,0,0,0,0,0,0,0,1,0,1,2,0,1,0,0,0,0,0,2,1,1,2,3,3,0,3,1,1,0,2,3,2,2,5,4,0,0,0,0,0,0,0,1,0,0,6,3,-2,-2,65,100,5,0,0,0,0,1,2,0,1,0,0,0,0,0,0,0,-2,0,5,5,2,2,2,2,4,8,1,1,1,1,0,0,0,0,4,0,0.535230524956551
167,7856,1,3,5,4,6,70,4,5,2,2,1,2,1,5,1,2,60,5,4,3,3,3,5,5,1,4,1,5,5,5,0,3,2,4,3,5,4,5,4,6,6,1,1,4,2,6,6,2,4,3,1,3,2,1,1,1,0.7120000000000001,3,3,2,1,1,2,4,1,1,1,1,1,1,1,1,1,0,1,1,1,1,1,0,3,1,7,1,1,1,1,0,1,0,0,0,0,0,0,0,0,1,2,2,0,1,1,0,1,1,1,1,1,1,0,0,0,4,1,1,0,1,1,1,2,1,0,0,0,0,0,0,0,0,0,0,0,0,1,3,-2,1,5,1,1,0,1,1,0,1,2,1,1,2,3,1,80,4,5,2,0,5,2,3,3,2,4,0,0,0,0,0,0,0,0,0,1,6,4,-2,-2,71,0,5,1,0,0,0,0,2,0,1,0,0,0,0,0,0,0,-2,0,5,3,3,5,1,1,1,9,4,0,2,4,0,0,0,0,1,0,0.6489088104815639
168,11500,1,2,7,7,7,38,1,1,5,1,1,5,3,3,3,5,50,5,3,2,1,1,5,5,1,5,5,1,3,1,0,5,5,5,5,5,5,5,5,5,6,0,1,2,2,6,1,7,2,3,1,3,2,1,1,1,-0.909,2,3,3,1,2,2,2,4,1,0,1,0,1,0,1,0,0,1,2,1,2,1,0,2,1,4,1,0,0,0,0,0,0,0,0,0,0,0,0,0,1,1,1,0,2,1,0,1,1,1,1,1,1,0,0,0,3,1,0,0,0,0,8,2,1,0,0,0,0,1,0,0,0,0,0,0,1,0,2,0,8,1,0,0,0,0,0,1,0,3,0,0,1,5,1,0,3,4,2,0,1,4,3,4,5,5,0,1,1,0,1,0,0,0,0,0,4,4,-2,-2,65,50,1,0,0,0,0,2,2,0,1,0,0,0,0,0,0,0,-2,0,5,5,2,3,4,2,3,3,1,1,4,9,0,0,0,0,3,1,0.8198565478040122
169,8953,1,1,5,6,6,42,2,3,2,3,4,4,4,2,3,4,49,4,4,3,3,3,4,4,3,2,2,3,2,3,0,2,3,4,2,4,4,1,4,2,5,0,0,3,2,3,4,4,3,2,1,2,2,1,0,1,-1.485,2,3,1,1,2,2,2,3,2,0,1,0,1,0,1,0,0,0,2,3,4,1,0,-2,-2,1,0,0,1,0,0,0,0,0,0,0,1,0,0,0,0,2,1,0,2,3,1,2,2,2,1,1,1,0,1,1,1,1,0,0,0,0,8,2,1,0,0,0,0,0,0,0,0,0,0,0,0,1,2,0,1,2,0,0,0,1,1,0,0,2,0,1,2,2,2,-1,3,3,1,0,3,-1,-1,-1,4,3,0,1,0,0,0,0,0,0,0,0,3,2,-2,-2,71,75,4,0,0,0,1,0,7,0,0,0,0,0,0,1,0,0,-2,0,5,4,3,2,2,1,2,1,5,1,3,5,0,0,0,1,1,0,1.22810827595473
170,13146,1,3,6,6,5,51,2,2,3,3,3,2,3,3,2,3,43,3,3,3,3,3,4,3,3,3,3,4,4,3,0,4,4,3,3,4,4,4,3,4,5,7,7,3,3,4,3,5,3,1,3,3,1,0,1,0,0.242,3,3,1,1,1,2,3,2,1,1,1,0,1,1,1,0,1,1,2,1,1,4,0,1,2,4,1,0,1,0,0,0,0,0,0,0,0,0,0,0,1,2,2,0,1,1,0,1,1,1,1,1,1,0,0,0,3,0,0,0,0,0,0,3,1,0,0,0,0,1,0,0,0,0,0,0,0,0,3,-2,1,3,0,1,0,1,0,0,1,2,0,1,1,3,1,50,4,3,1,0,2,2,3,3,1,3,0,0,0,0,1,0,0,0,0,0,5,3,-2,-2,65,100,5,1,0,0,0,0,1,1,0,0,0,0,0,0,0,0,-2,0,5,5,2,3,1,2,1,2,3,1,4,8,0,0,0,0,1,0,1.08988656917545
171,12301,1,3,7,6,6,69,4,4,1,5,2,2,2,5,1,2,62,4,5,4,4,4,5,4,5,5,2,5,5,5,1,3,4,4,4,5,5,5,5,6,5,0,1,4,4,1,5,3,4,3,1,3,2,1,1,1,1.2670000000000001,3,3,2,1,1,2,4,2,1,1,1,1,1,1,1,1,1,1,1,1,2,5,0,4,3,7,1,1,1,1,1,1,0,0,0,0,0,0,0,0,1,1,3,0,2,1,0,1,1,1,1,1,1,0,0,0,4,1,1,1,0,0,1,2,1,0,0,0,0,0,0,0,0,0,0,0,0,1,2,0,1,2,1,1,1,1,1,1,1,3,1,0,4,4,3,100,4,4,2,1,3,2,4,4,5,4,0,1,0,0,0,0,0,1,0,0,6,4,1,63,-2,-2,5,1,0,0,0,0,8,0,0,0,0,0,0,0,1,0,2,1,4,8,1,4,1,2,2,8,1,1,3,5,0,0,0,0,2,0,0.50424779677292
172,13722,1,3,4,3,3,45,3,4,3,4,5,5,3,2,2,3,69,4,5,4,5,5,5,5,5,4,2,6,5,4,1,4,2,5,3,5,4,1,3,6,6,1,1,5,3,4,6,1,4,3,1,3,2,1,1,1,0.7120000000000001,3,3,2,1,1,2,3,2,1,1,1,1,1,1,1,0,1,1,2,1,2,4,0,2,3,3,1,0,1,1,1,1,1,1,0,0,0,0,0,0,1,1,2,1,2,2,0,1,1,1,1,1,1,0,0,0,3,1,0,1,0,1,1,2,1,0,0,0,0,0,0,0,0,0,0,0,0,1,3,-2,1,3,0,1,0,0,1,0,0,2,1,1,5,5,4,95,3,5,2,0,2,1,3,3,1,2,0,0,0,1,1,0,0,0,1,0,1,4,-2,-2,67,80,3,0,0,0,1,0,2,0,1,0,0,0,0,0,0,0,-2,0,5,4,3,3,2,1,3,8,1,1,3,5,0,0,0,1,2,0,1.03026163705584
173,8313,2,3,6,7,7,43,3,3,5,3,3,3,4,2,2,5,41,3,4,2,2,2,2,3,5,5,5,4,5,3,0,2,2,3,2,5,3,5,2,4,6,1,1,3,5,6,3,5,2,3,1,3,2,1,1,1,0.7120000000000001,3,3,2,1,2,2,4,2,1,1,1,1,1,0,1,1,1,1,2,1,1,3,0,2,1,3,1,0,1,1,1,1,1,1,0,0,0,0,0,0,1,1,1,0,1,1,0,1,1,1,1,1,1,0,0,0,4,1,1,1,0,1,0,1,1,0,0,0,0,0,0,0,0,0,0,0,0,1,3,-2,1,5,0,1,0,0,1,1,1,2,0,1,5,5,5,10,4,5,1,0,2,2,2,2,4,1,0,0,1,0,0,0,0,1,0,0,7,3,1,65,-2,100,5,0,0,0,0,1,8,0,0,0,0,0,0,0,1,0,2,0,5,7,2,5,1,1,1,8,4,1,4,8,0,0,0,0,1,0,0.400689567546821
174,11086,1,1,1,1,7,38,1,1,5,2,1,5,5,1,2,2,30,2,1,2,2,2,2,2,3,3,3,4,3,3,0,2,2,2,2,2,2,2,2,1,6,0,0,1,1,1,4,5,2,1,2,2,2,0,0,1,-1.485,2,2,2,1,2,1,2,1,1,0,0,1,1,0,0,0,0,1,3,2,2,3,0,-2,-2,1,0,0,0,0,0,0,0,0,1,0,0,0,0,0,1,2,1,0,2,1,1,3,3,2,1,2,1,0,1,1,8,0,0,0,0,0,1,2,0,0,0,0,0,0,0,0,0,0,0,0,0,1,3,-2,1,2,0,0,0,1,1,0,0,1,1,0,3,1,1,0,3,4,1,1,2,4,3,2,3,3,0,0,0,0,0,0,0,0,0,1,1,1,-2,-2,62,50,2,1,0,0,0,0,6,0,0,0,0,0,1,0,0,0,-2,0,5,5,2,2,1,1,1,1,5,1,1,1,0,0,0,0,1,0,1.80320350399452
175,9920,1,3,6,5,4,63,3,3,2,3,3,2,1,4,2,2,49,4,3,3,3,2,4,3,4,4,2,3,4,4,0,4,4,3,3,4,4,3,4,4,5,7,0,3,2,4,3,3,3,3,1,3,2,1,1,1,1.2670000000000001,3,3,2,1,1,2,4,2,1,1,1,1,1,1,1,1,1,1,1,1,2,6,0,3,98,5,1,1,1,0,0,0,0,0,0,0,0,0,0,0,1,2,1,0,2,1,0,1,1,1,1,1,1,0,0,0,3,1,0,1,0,0,0,2,1,0,0,0,0,0,0,0,0,0,0,0,1,0,2,0,1,2,0,1,0,0,1,0,0,-1,1,0,3,3,3,90,2,3,2,0,3,2,2,3,4,1,0,1,0,0,0,0,1,0,1,0,3,4,1,63,-2,-2,3,-1,0,0,0,0,8,0,0,0,0,0,0,0,1,0,1,0,5,8,1,1,2,1,2,7,1,1,4,9,0,0,0,0,2,0,1.31580360342306
176,11355,1,3,6,6,5,52,2,3,3,2,3,3,2,3,3,3,39,3,3,2,3,2,3,3,3,3,3,4,4,3,1,4,3,3,2,5,2,3,5,4,5,7,1,2,1,1,5,3,3,3,1,3,2,1,1,1,1.2670000000000001,3,3,2,1,1,2,4,2,1,1,1,1,1,1,1,1,1,1,2,1,1,6,0,3,2,99,1,0,1,1,1,0,0,0,0,0,0,0,0,0,1,2,1,0,1,2,0,1,1,1,1,1,1,0,0,0,4,1,0,0,0,0,8,4,0,0,0,0,0,0,0,0,0,0,0,0,1,0,3,-2,1,4,0,1,0,0,1,0,0,2,1,1,3,3,2,90,3,2,2,0,2,2,3,2,5,2,0,0,0,0,0,0,0,0,0,1,3,3,1,62,-2,-2,4,1,0,0,0,0,8,0,0,0,0,0,0,0,1,0,2,1,2,8,1,4,2,1,1,7,2,1,3,5,0,0,0,0,1,0,0.523464359247776
177,12302,1,3,4,4,5,55,3,2,2,3,3,3,2,3,3,2,43,3,3,3,3,2,3,3,4,4,3,4,5,3,1,3,3,3,3,4,4,4,4,4,5,0,0,3,3,5,4,4,3,3,1,3,2,1,1,1,0.7120000000000001,3,3,2,1,1,2,4,1,1,1,1,1,1,1,1,1,0,1,1,1,2,3,0,1,1,4,1,1,1,1,1,1,0,0,0,0,0,0,0,0,1,2,1,0,2,2,0,1,1,1,1,1,1,0,0,0,4,1,1,0,0,1,0,2,1,0,0,1,0,1,1,0,0,0,0,1,1,0,2,0,1,5,0,1,0,1,1,0,0,2,1,1,4,4,3,90,3,3,2,0,3,2,3,3,4,3,0,1,0,0,0,0,0,1,0,0,3,3,-2,-2,70,60,3,0,0,0,1,1,2,0,1,0,0,0,0,0,0,0,-2,0,5,5,2,3,1,1,3,5,1,1,3,5,0,0,0,1,2,1,1.1379165621246699
178,8719,1,2,5,6,4,29,1,3,1,1,4,5,5,1,5,5,43,3,4,3,2,3,4,3,3,4,3,4,4,3,1,3,5,4,3,4,3,2,4,3,5,1,0,4,4,4,5,4,3,2,1,2,2,1,0,1,-1.215,2,3,1,2,1,2,2,3,1,0,1,0,0,1,1,0,0,1,2,2,2,4,0,-2,-2,99,1,1,1,0,1,0,0,1,0,0,0,0,0,0,1,2,1,0,2,3,0,2,2,2,1,1,1,0,0,0,1,1,0,0,0,1,8,2,0,0,1,1,0,0,0,0,1,0,0,0,0,0,3,-2,1,3,1,1,0,1,1,0,1,2,1,1,3,3,3,50,4,3,1,0,4,2,3,3,3,3,0,0,0,0,0,0,1,0,0,0,5,3,-2,-2,65,70,3,0,2,0,0,0,1,1,0,0,0,0,0,0,0,0,-2,0,5,2,4,3,1,2,5,3,1,1,3,7,1,1,1,0,2,0,1.29257634075048
179,12869,2,3,6,6,7,58,3,3,2,4,3,3,2,3,2,2,59,4,4,4,4,4,4,4,5,5,3,6,5,5,0,3,3,3,3,5,5,5,5,6,6,1,0,3,3,5,3,2,4,3,1,3,2,1,1,1,0.242,3,3,2,1,2,2,4,4,1,1,1,1,1,0,1,1,0,1,2,1,1,-1,0,3,-1,5,1,1,1,1,1,1,0,0,0,0,0,0,0,0,1,1,2,0,1,2,0,1,1,1,1,1,1,0,0,0,4,1,1,1,0,1,0,1,1,0,0,0,0,0,0,0,0,1,0,0,0,0,3,-2,1,2,0,1,0,1,1,0,0,2,1,1,2,2,2,90,3,2,2,0,2,1,4,4,4,3,0,0,0,0,0,0,0,1,0,0,5,4,1,62,-2,-2,2,-1,0,0,0,0,4,0,0,0,1,0,0,0,1,0,2,0,5,8,1,2,1,2,2,4,2,1,2,4,0,0,0,0,2,0,0.7454642531505771
180,9691,1,2,4,3,2,43,2,1,4,3,4,4,3,2,3,3,40,3,3,2,2,2,3,3,4,4,3,3,4,3,0,3,3,3,3,5,3,1,5,5,6,7,1,3,3,6,4,2,3,3,1,3,2,1,1,1,0.242,2,3,2,1,1,2,4,4,1,0,1,1,1,1,1,1,0,1,2,2,1,1,0,-2,-2,3,1,0,1,0,0,0,0,0,0,0,0,0,0,0,1,1,1,0,1,1,1,1,1,1,1,1,1,0,0,0,3,0,0,0,0,0,0,2,1,0,0,0,0,0,0,0,0,0,0,0,0,1,3,-2,1,3,0,0,0,1,0,0,0,2,1,1,4,3,2,90,1,3,2,0,4,2,2,3,3,3,0,0,1,0,0,0,0,0,0,0,3,3,-2,-2,65,10,3,1,0,0,0,0,6,0,0,0,0,0,1,0,0,0,-2,0,5,5,2,3,1,2,1,1,3,1,1,2,0,0,0,0,1,0,1.4524782486386298
181,14196,1,2,5,5,5,49,3,3,3,3,3,3,3,3,3,3,42,3,3,3,3,3,3,3,3,3,3,4,3,3,0,3,3,3,3,5,3,2,4,4,4,7,7,3,3,4,3,4,3,1,2,2,2,0,0,1,-1.485,2,2,2,2,2,2,1,3,1,0,0,1,0,0,1,0,0,1,1,1,2,99,0,1,1,1,1,1,1,0,0,0,0,0,0,0,0,0,0,0,1,1,1,0,2,1,0,1,1,1,1,1,1,0,0,0,2,1,1,0,0,1,0,1,1,1,0,0,0,0,0,0,0,0,0,0,0,1,2,0,1,2,0,0,0,1,1,0,0,3,0,0,2,3,2,75,4,2,1,0,3,3,3,3,3,3,1,1,1,0,0,0,0,0,0,0,5,4,-2,-2,62,50,2,0,0,0,0,1,2,0,1,0,0,0,0,0,0,0,-2,0,5,3,3,2,1,2,3,2,1,0,3,5,0,0,0,0,3,1,1.2829227247727801
182,8314,1,3,7,7,7,60,3,5,5,5,5,4,1,5,1,1,69,5,5,4,4,3,5,5,5,5,3,3,5,5,1,5,5,5,5,5,4,2,5,5,5,1,1,5,2,1,4,3,4,3,1,3,2,1,1,1,-0.57,3,2,1,1,1,2,3,4,1,1,0,0,1,1,1,0,0,1,1,1,2,3,0,1,2,3,1,1,1,1,0,0,0,0,0,0,0,0,0,0,1,1,3,1,2,1,0,1,1,1,1,1,1,0,0,0,4,1,1,0,0,1,1,2,1,-1,0,0,0,0,0,0,0,0,0,0,0,1,2,0,1,2,0,1,1,1,1,1,1,3,1,0,3,1,1,100,4,5,2,0,2,1,4,4,3,4,1,1,0,0,1,0,0,0,0,0,7,3,-2,-2,65,50,3,1,0,0,0,0,2,0,1,1,0,0,0,0,0,0,-2,0,5,3,3,2,1,1,1,6,1,1,3,6,0,0,0,0,1,0,1.4265473464919498
183,12164,2,3,6,6,4,62,3,3,2,4,2,3,2,3,1,2,46,3,4,3,4,3,3,3,3,3,2,4,4,3,1,4,3,3,2,5,3,5,5,4,5,7,1,3,3,3,4,6,3,3,1,3,2,1,1,1,0.7120000000000001,3,3,2,1,1,2,4,1,1,1,1,1,1,1,1,1,0,1,2,1,2,1,0,2,99,6,1,1,1,0,1,0,0,0,0,0,0,0,0,0,1,2,2,0,2,1,0,1,1,1,1,1,1,0,0,0,4,1,0,1,0,0,0,1,1,0,0,0,0,0,0,0,0,0,0,0,0,1,3,-2,-1,3,0,0,0,0,1,1,0,2,1,1,4,3,3,50,3,3,2,0,3,3,3,3,4,2,0,1,0,0,0,0,1,0,0,0,5,4,1,62,-2,-2,3,1,0,0,0,0,8,0,0,0,0,0,0,0,1,0,1,1,2,8,1,3,1,1,2,5,1,1,4,8,0,0,0,0,2,0,0.392571143705642
184,11728,1,2,7,7,6,60,2,4,2,5,1,2,3,3,1,4,48,4,4,4,4,3,3,3,2,2,2,5,4,4,0,3,4,4,3,5,5,5,5,4,6,0,0,4,1,1,5,5,4,3,1,3,2,1,1,1,-0.909,3,1,2,2,2,2,3,1,1,1,0,1,0,0,1,0,0,1,1,1,1,1,0,1,1,7,1,1,1,1,1,0,0,0,0,0,0,0,0,0,1,2,1,0,1,1,0,1,1,1,1,1,1,0,0,0,4,1,1,0,0,0,0,2,0,0,0,0,0,0,0,0,0,0,0,0,0,1,3,-2,1,2,0,0,0,1,0,0,0,3,0,0,2,5,1,100,3,3,1,0,2,1,3,3,4,4,0,0,0,0,0,0,0,0,0,1,6,4,1,65,-2,-2,2,-1,0,0,0,0,8,0,0,0,0,0,0,0,1,0,2,0,5,8,1,2,1,2,1,2,2,0,2,3,0,0,0,0,1,0,1.34004661384644
185,12641,1,3,3,4,4,55,4,3,2,4,3,1,3,3,2,3,46,3,4,4,3,3,3,5,3,3,4,6,4,3,1,4,3,3,3,3,1,4,3,4,3,0,0,4,3,2,5,6,3,0,2,1,1,0,0,0,-1.215,1,2,1,1,1,1,2,2,1,0,0,0,1,1,0,0,1,1,3,1,2,7,0,4,3,2,0,0,0,0,1,0,0,0,0,0,0,1,0,0,0,3,2,1,1,2,0,2,2,2,2,3,2,0,0,0,4,1,1,0,1,0,1,1,1,0,0,0,1,0,0,0,0,0,0,0,0,0,1,0,-1,4,0,0,0,0,1,0,0,2,1,1,4,4,4,45,4,3,2,0,3,2,3,3,3,3,0,0,0,0,1,0,0,0,0,0,6,3,-2,-2,67,80,3,1,0,0,0,0,2,0,1,0,0,0,0,0,0,0,-2,0,5,2,4,5,3,1,1,7,1,1,3,7,0,0,0,0,1,1,0.887380685982006
186,10762,1,3,4,4,7,54,2,2,1,3,3,2,3,2,2,3,56,4,4,4,4,4,4,4,3,3,1,6,4,4,1,4,4,4,4,4,4,4,5,4,5,0,0,4,2,5,5,2,4,3,1,3,2,1,1,1,-0.188,3,2,2,1,1,2,2,3,1,1,0,1,1,1,1,0,0,1,2,2,2,5,1,-2,-2,99,1,0,0,0,0,0,0,0,0,1,0,0,0,0,0,1,1,0,1,2,0,1,1,1,1,1,1,0,1,0,1,0,0,0,0,0,0,2,1,0,0,0,0,1,0,0,0,0,0,0,0,0,2,0,1,4,0,1,1,1,1,0,0,2,1,1,4,4,2,10,4,2,2,0,2,1,3,3,4,4,0,1,0,0,0,0,0,0,0,0,6,2,-2,-2,65,100,4,1,0,0,0,0,2,0,1,0,0,0,0,0,0,0,-2,0,5,4,2,4,4,1,2,3,1,1,3,7,0,0,0,0,2,1,0.696442615511578
187,12519,2,3,6,6,4,54,4,4,3,4,4,3,2,4,3,3,48,4,4,3,3,3,4,4,3,3,3,6,5,4,1,4,3,4,3,5,3,5,4,5,4,0,1,4,3,4,4,5,3,2,1,2,2,1,0,1,-0.188,2,3,2,1,1,2,4,3,1,0,1,1,1,1,1,1,0,1,2,1,2,4,0,98,98,99,1,0,1,1,1,1,0,0,0,0,0,0,0,0,1,2,2,0,2,2,0,1,1,1,1,1,1,0,0,0,4,1,1,1,0,0,0,1,1,0,0,0,0,1,0,0,0,0,0,0,0,0,2,0,1,4,0,1,0,0,1,0,0,2,1,1,3,3,3,50,4,5,1,0,3,2,3,3,3,2,0,1,0,0,0,0,0,1,0,0,5,4,1,62,-2,95,3,1,0,0,0,0,8,0,0,0,0,0,0,0,1,0,2,1,4,6,2,4,2,2,1,7,1,1,3,7,0,0,0,0,1,0,0.558234254058958
188,10133,1,2,5,6,7,30,1,3,3,2,5,5,4,1,5,5,52,4,3,4,4,3,3,3,4,4,3,4,4,3,1,4,4,4,4,3,3,1,5,3,6,0,0,3,3,2,5,3,3,2,3,3,2,0,1,1,-0.188,2,3,2,2,1,2,4,1,1,0,1,1,0,1,1,1,0,1,3,1,2,4,0,1,2,1,1,0,1,0,0,0,0,1,0,0,0,0,0,0,1,3,1,0,2,2,0,3,3,1,2,2,1,-1,1,0,1,1,1,0,1,1,0,2,0,1,1,0,0,1,0,0,1,0,0,0,0,0,3,-2,1,2,0,1,1,0,1,0,1,2,1,1,2,4,3,85,4,1,1,0,4,2,3,3,4,5,1,1,1,1,1,0,1,1,0,0,5,3,-2,-2,71,100,4,0,1,0,1,0,2,0,1,0,0,0,0,0,0,0,-2,0,5,2,4,3,1,2,5,3,1,1,2,3,1,0,0,1,3,0,1.07382997539097
189,12356,1,1,7,7,7,59,3,3,3,3,3,3,2,4,1,1,67,5,4,4,4,4,4,5,5,5,3,6,5,5,0,5,5,5,5,5,5,5,5,6,6,7,7,3,2,1,5,6,3,3,1,3,2,1,1,1,-1.485,1,3,1,2,1,1,3,1,2,0,1,0,0,1,0,0,0,0,2,2,2,2,0,-2,-2,99,1,0,0,0,0,0,0,0,0,0,0,0,0,0,1,2,2,0,2,2,0,1,1,1,1,1,1,0,0,0,8,0,0,0,0,0,0,2,0,0,0,0,0,0,0,0,0,0,0,0,0,1,3,-2,8,1,0,1,0,1,1,0,1,-1,0,0,-1,-1,-1,-1,4,4,1,0,4,1,2,3,4,5,0,1,0,0,0,0,0,0,0,0,7,4,-2,-2,65,50,1,0,1,1,0,0,99,0,0,0,0,0,0,0,0,1,-2,0,5,2,4,1,4,2,4,1,1,0,2,4,0,1,1,0,2,1,1.4305212170884698
190,8524,1,3,2,6,6,47,1,1,3,2,3,3,4,1,1,3,71,5,5,3,4,5,5,5,5,5,3,4,5,4,0,5,4,5,5,5,4,5,5,4,6,7,0,5,1,5,6,3,4,3,1,3,2,1,1,1,1.2670000000000001,3,3,2,1,1,2,4,2,1,1,1,1,1,1,1,1,1,1,1,3,3,1,0,-2,-2,7,1,0,1,0,0,1,0,0,0,0,0,0,0,0,1,1,2,0,1,1,0,1,1,2,2,2,1,0,0,0,4,0,0,0,0,0,0,2,1,0,1,0,0,0,0,0,0,0,0,0,0,0,3,-2,1,5,0,1,1,1,1,1,0,2,1,1,2,2,3,30,4,1,1,0,4,1,4,4,4,5,1,0,0,0,0,0,0,0,0,0,3,2,-2,-2,70,90,5,1,0,0,0,0,7,0,0,0,0,0,0,1,0,0,-2,0,5,2,4,5,1,2,3,9,4,1,4,9,0,0,0,0,3,1,0.974702746830328
191,8720,1,1,3,3,3,23,1,1,5,2,5,5,5,2,4,5,37,2,3,1,2,3,3,4,3,3,2,3,3,3,1,5,4,4,4,3,4,2,3,4,5,7,7,4,2,3,2,3,3,3,1,3,2,1,1,1,0.242,3,3,2,1,1,2,3,3,1,1,1,1,1,1,1,0,0,1,3,3,2,3,1,-2,-2,2,0,0,1,0,0,0,0,0,0,0,0,0,0,0,1,3,1,0,2,1,1,2,2,3,1,2,2,0,0,0,1,1,0,0,0,0,0,2,1,0,0,0,0,0,0,1,0,0,0,0,0,0,3,-2,1,1,1,1,0,1,1,0,0,2,0,1,4,3,2,50,4,1,1,0,4,2,3,2,4,1,0,1,0,0,0,0,0,0,0,0,2,2,-2,-2,65,90,2,0,1,0,0,0,4,0,0,1,1,0,0,0,0,0,-2,0,5,1,4,1,1,2,1,1,3,0,3,6,0,0,0,0,1,1,1.0228727340472
192,11087,1,3,7,7,6,54,4,3,3,3,4,3,3,4,2,2,57,4,4,4,4,3,5,4,4,4,2,6,4,4,1,5,5,5,4,5,5,5,5,5,6,7,7,4,5,2,3,5,4,2,1,2,2,1,0,1,-0.57,3,3,1,1,1,2,2,4,1,1,1,0,1,1,1,0,0,1,1,1,2,99,0,2,99,4,1,0,1,1,0,1,0,0,0,0,0,0,0,0,1,2,2,1,2,1,0,1,1,1,1,1,1,0,0,0,3,1,1,0,0,0,1,3,1,0,0,0,0,0,0,0,0,0,0,0,0,1,1,0,1,1,0,1,0,1,1,0,0,2,1,1,3,3,2,100,4,4,1,0,3,3,4,4,4,3,0,1,0,0,0,0,1,0,0,0,6,3,1,70,-2,-2,3,0,0,2,0,0,8,0,0,0,0,0,0,0,1,0,3,1,3,8,1,1,1,2,2,3,1,1,4,9,0,0,0,0,2,0,1.5152207817268402
193,8525,1,3,7,7,6,86,5,5,1,5,1,1,1,5,1,1,85,5,5,5,5,5,5,5,5,5,1,7,5,5,0,5,5,5,5,5,5,5,5,6,6,1,1,4,2,5,6,1,4,3,1,3,2,1,1,1,1.2670000000000001,3,3,2,1,1,2,4,2,1,1,1,1,1,1,1,1,1,1,1,1,2,7,0,4,3,5,1,1,1,1,1,1,0,1,0,0,0,0,0,0,1,3,2,0,2,2,0,1,1,1,1,1,1,0,0,0,4,1,1,1,1,1,0,2,1,0,0,0,0,0,0,0,0,0,0,0,0,1,3,-2,1,2,0,1,0,1,1,0,1,2,1,1,1,2,1,90,3,3,2,0,5,1,4,4,5,5,0,1,0,0,0,0,0,0,0,0,7,4,-2,-2,70,95,5,0,0,0,1,0,2,0,1,0,0,0,0,0,0,0,-2,1,2,3,3,5,1,1,4,9,1,1,3,5,0,0,1,0,3,0,0.788397093004573
194,7857,1,1,2,4,4,40,1,1,3,2,5,4,4,2,3,3,31,2,4,1,1,2,3,2,4,4,5,3,3,3,1,1,2,4,1,5,2,1,4,2,6,7,7,4,4,4,5,1,2,2,1,3,1,1,1,0,0.242,2,3,2,1,1,2,4,4,1,0,1,1,1,1,1,1,0,1,2,2,1,3,0,-2,-2,4,1,0,1,0,0,0,0,1,0,0,0,0,0,0,1,2,1,0,1,2,0,2,2,1,2,1,1,0,0,0,2,1,1,0,0,1,0,2,1,1,0,0,0,0,0,0,0,0,0,0,0,1,3,-2,1,4,1,1,0,1,1,1,0,2,1,1,3,4,4,40,2,1,2,0,5,3,2,2,4,3,1,1,1,0,0,0,0,0,0,0,3,2,-2,-2,65,50,3,1,0,0,0,0,5,0,0,1,0,1,0,0,0,0,-2,0,5,1,4,3,1,1,1,1,4,1,2,3,0,0,0,0,1,0,0.467820874558452
195,13619,1,1,7,7,6,62,2,2,2,3,3,2,2,3,1,1,58,5,2,4,4,5,5,4,2,2,2,5,3,3,1,4,4,5,4,4,4,4,4,5,5,0,1,5,3,1,5,6,3,2,1,2,2,1,0,1,-1.215,3,1,2,1,2,1,4,1,2,1,0,1,1,0,0,1,0,0,2,2,2,4,0,-2,-2,99,1,0,0,0,0,0,0,0,0,0,0,0,0,0,1,2,1,0,2,1,1,2,1,1,1,1,1,0,-1,-1,3,0,0,0,0,0,0,2,0,0,0,0,0,0,0,0,0,0,0,0,0,1,2,0,-1,1,0,0,0,1,1,0,0,2,0,1,2,3,2,0,3,1,2,0,3,1,1,3,5,4,0,1,0,0,0,0,0,0,0,0,4,3,-2,-2,61,0,1,0,0,1,1,1,1,1,0,0,0,0,0,0,0,0,-2,0,5,3,3,1,4,2,5,2,1,1,4,9,0,0,1,1,3,0,0.644715272182289
196,9692,1,2,5,5,5,41,3,2,5,2,3,5,3,2,2,4,39,3,2,2,3,2,4,2,3,3,3,4,4,3,0,4,4,3,3,5,4,4,4,5,5,1,1,3,2,1,3,4,3,3,1,3,2,1,1,1,-0.188,2,3,2,2,1,2,3,2,1,0,1,1,0,1,1,0,1,1,2,1,2,4,0,2,2,6,1,1,1,1,0,0,0,0,0,0,0,0,0,0,1,1,1,0,2,1,0,1,1,1,2,1,1,0,0,0,4,1,1,0,1,1,0,1,1,0,0,0,0,0,0,0,0,0,0,0,0,1,3,-2,1,3,0,0,0,0,0,0,0,2,1,1,3,4,1,100,3,4,2,0,4,1,3,2,1,3,0,0,0,0,0,0,0,0,0,1,6,3,-2,-2,62,20,3,0,0,0,1,1,2,0,1,0,0,0,0,0,0,0,-2,1,2,4,3,3,1,1,4,3,1,1,2,4,0,0,0,1,3,0,0.613517282866898
197,9188,2,3,5,5,6,49,3,3,3,3,3,4,3,3,2,4,38,3,2,3,2,2,3,3,4,4,4,5,4,3,0,4,3,3,2,5,4,3,5,3,4,7,7,1,2,4,6,4,3,2,2,3,2,0,1,1,-0.57,3,3,3,1,2,2,2,4,1,1,1,0,1,0,1,0,0,1,1,1,2,1,0,1,98,5,1,0,1,1,1,0,0,0,0,0,0,0,0,0,1,2,1,0,1,1,0,1,1,1,1,1,1,0,0,0,4,0,1,1,0,1,0,2,1,0,0,0,0,0,0,0,0,0,0,0,0,1,2,0,1,2,0,1,1,1,0,0,0,3,0,0,3,3,3,-1,2,3,2,0,3,2,3,2,3,3,0,0,0,0,0,0,0,0,0,1,4,2,1,62,-2,75,2,1,0,0,0,0,8,0,0,0,0,0,0,0,1,0,1,0,5,7,2,2,1,2,1,7,1,1,1,2,0,0,0,0,1,0,0.585983905785532
198,13643,1,3,7,5,5,66,3,3,2,4,2,3,1,4,1,2,49,4,3,3,3,3,4,4,4,3,3,5,5,4,1,4,4,4,4,5,4,5,5,5,5,0,1,3,4,4,6,2,3,3,1,3,2,1,1,1,0.242,3,3,2,1,2,2,4,1,1,1,1,1,1,0,1,1,0,1,1,1,2,3,0,2,1,5,1,1,1,1,1,1,0,0,0,0,0,0,0,0,1,2,1,0,2,1,0,1,1,1,1,1,1,0,0,0,4,1,1,1,1,1,0,2,1,1,0,0,0,1,0,0,0,0,0,0,0,0,1,0,1,3,1,1,0,0,1,1,1,-1,1,0,-1,-1,-1,-1,5,3,2,0,2,2,2,3,4,3,0,1,0,0,0,0,0,0,0,0,2,4,1,65,-2,95,5,1,0,0,0,0,8,0,0,0,0,0,0,0,1,0,1,0,5,7,2,5,1,1,2,8,1,1,2,3,0,0,0,0,2,0,0.400155835428909
199,10134,1,3,6,6,6,67,3,3,3,4,2,3,1,5,1,1,85,5,5,5,5,5,5,5,5,5,1,6,4,4,0,4,4,4,4,5,4,4,5,6,6,1,1,4,3,3,4,2,3,3,1,3,2,1,1,1,-0.188,2,3,2,1,1,2,3,1,1,0,1,1,1,1,1,0,0,1,1,1,2,2,0,1,2,99,1,1,1,1,0,0,0,0,0,0,0,1,0,0,0,3,1,0,2,1,0,1,1,1,1,1,1,0,0,0,3,1,1,0,0,1,0,3,1,0,0,0,0,0,0,0,0,0,0,0,1,0,2,0,1,2,0,0,0,1,1,0,0,2,1,1,2,2,2,75,4,3,1,0,3,1,4,3,1,4,0,1,0,0,1,0,0,0,0,0,7,4,-2,-2,70,50,3,0,0,1,0,0,3,0,0,1,0,0,0,0,0,0,-2,0,5,4,3,2,1,1,2,3,1,0,3,6,0,0,0,0,2,1,1.38854906324016
